-- phpMyAdmin SQL Dump
-- version 5.2.1
-- https://www.phpmyadmin.net/
--
-- Host: 127.0.0.1:3306
-- Generation Time: Mar 25, 2025 at 05:01 AM
-- Server version: 9.1.0
-- PHP Version: 8.3.14

SET SQL_MODE = "NO_AUTO_VALUE_ON_ZERO";
START TRANSACTION;
SET time_zone = "+00:00";


/*!40101 SET @OLD_CHARACTER_SET_CLIENT=@@CHARACTER_SET_CLIENT */;
/*!40101 SET @OLD_CHARACTER_SET_RESULTS=@@CHARACTER_SET_RESULTS */;
/*!40101 SET @OLD_COLLATION_CONNECTION=@@COLLATION_CONNECTION */;
/*!40101 SET NAMES utf8mb4 */;

--
-- Database: `class_scheduler_undergrad`
--

-- --------------------------------------------------------

--
-- Table structure for table `blocks`
--

DROP TABLE IF EXISTS `blocks`;
CREATE TABLE IF NOT EXISTS `blocks` (
  `block_id` int NOT NULL AUTO_INCREMENT,
  `block_name` varchar(100) NOT NULL,
  `section_id` int NOT NULL,
  `subject_id` int NOT NULL,
  PRIMARY KEY (`block_id`),
  KEY `fk_blocks_section` (`section_id`),
  KEY `fk_blocks_subject` (`subject_id`)
) ENGINE=MyISAM AUTO_INCREMENT=164 DEFAULT CHARSET=utf8mb4 COLLATE=utf8mb4_0900_ai_ci;

--
-- Dumping data for table `blocks`
--

INSERT INTO `blocks` (`block_id`, `block_name`, `section_id`, `subject_id`) VALUES
(1, 'Faith in the Light of the Epistles of Paul 1 - Year 11', 1, 1),
(2, 'Oral Communication - Year 11', 1, 2),
(3, 'Komunikasyon at Pananaliksik sa Wika at Kulturang Filipino - Year 11', 1, 3),
(4, 'General Mathematics - Year 11', 1, 4),
(5, 'Earth and Life Science - Year 11', 1, 5),
(6, '21st Century Literature from the Philippines and the World - Year 11', 1, 6),
(7, 'Physical Education and Health 1 - Year 11', 1, 7),
(8, 'Empowerment Technologies - Year 11', 1, 8),
(9, 'Practical Research 1 - Year 11', 1, 9),
(10, 'Robotics 11 - Year 11', 1, 10),
(11, 'Faith in the Light of the Epistles of Paul 2 - Year 11', 1, 11),
(12, 'Practical Research 2 - Year 11', 1, 12),
(13, 'Reading and Writing Skills - Year 11', 1, 13),
(14, 'Pagbasa at Pagsusuri ng Ibat ibang Teksto Tungo sa Pananaliksik - Year 11', 1, 14),
(15, 'Statistics and Probability - Year 11', 1, 15),
(16, 'Physical Science - Year 11', 1, 16),
(17, 'Personal Development - Year 11', 1, 17),
(18, 'Physical Education and Health 2 - Year 11', 1, 18),
(19, 'English for Academic and Professional Purposes - Year 11', 1, 19),
(20, 'Organization and Management - Year 11', 1, 33),
(21, 'Business Math - Year 11', 1, 34),
(22, 'Fundamentals of Accountancy, Business and Management 1 - Year 11', 1, 35),
(23, 'Principles of Marketing - Year 11', 1, 36),
(24, 'Contemporary Philippine Arts from the Regions - Year 12', 2, 20),
(25, 'Understanding Culture, Society, and Politics - Year 12', 2, 21),
(26, 'Physical Education and Health 3 - Year 12', 2, 22),
(27, 'Entrepreneurship - Year 12', 2, 23),
(28, 'Inquiries, Investigations, and Immersion - Year 12', 2, 24),
(29, 'Theology of the Body - Year 12', 2, 25),
(30, 'Introduction to Philosophy of the Human Person - Year 12', 2, 26),
(31, 'Robotics 12 - Year 12', 2, 27),
(32, 'Catholic Social Teaching - Year 12', 2, 28),
(33, 'Media and Information Literacy - Year 12', 2, 29),
(34, 'Physical Education and Health 4 - Year 12', 2, 30),
(35, 'Pagsulat sa Filipino sa Piling Larangan (Akademik) - Year 12', 2, 31),
(36, 'Inquiries, Investigations and Immersion (2nd Semester) - Year 12', 2, 32),
(37, 'Applied Economics - Year 12', 2, 37),
(38, 'Fundamentals of Accountancy, Business and Management 2 - Year 12', 2, 38),
(39, 'Business Finance - Year 12', 2, 39),
(40, 'Business Ethics and Social Responsibility - Year 12', 2, 40),
(41, 'Faith in the Light of the Epistles of Paul 1 - Year 11', 3, 1),
(42, 'Oral Communication - Year 11', 3, 2),
(43, 'Komunikasyon at Pananaliksik sa Wika at Kulturang Filipino - Year 11', 3, 3),
(44, 'General Mathematics - Year 11', 3, 4),
(45, 'Earth and Life Science - Year 11', 3, 5),
(46, '21st Century Literature from the Philippines and the World - Year 11', 3, 6),
(47, 'Physical Education and Health 1 - Year 11', 3, 7),
(48, 'Empowerment Technologies - Year 11', 3, 8),
(49, 'Practical Research 1 - Year 11', 3, 9),
(50, 'Robotics 11 - Year 11', 3, 10),
(51, 'Faith in the Light of the Epistles of Paul 2 - Year 11', 3, 11),
(52, 'Practical Research 2 - Year 11', 3, 12),
(53, 'Reading and Writing Skills - Year 11', 3, 13),
(54, 'Pagbasa at Pagsusuri ng Ibat ibang Teksto Tungo sa Pananaliksik - Year 11', 3, 14),
(55, 'Statistics and Probability - Year 11', 3, 15),
(56, 'Physical Science - Year 11', 3, 16),
(57, 'Personal Development - Year 11', 3, 17),
(58, 'Physical Education and Health 2 - Year 11', 3, 18),
(59, 'English for Academic and Professional Purposes - Year 11', 3, 19),
(60, 'Philippine Politics and Governance - Year 11', 3, 41),
(61, 'Discipline and Ideas in Social Sciences - Year 11', 3, 42),
(62, 'Intro to World Religions and Belief System - Year 11', 3, 43),
(63, 'Discipline and Ideas in Applied Social Science - Year 11', 3, 44),
(64, 'Contemporary Philippine Arts from the Regions - Year 12', 4, 20),
(65, 'Understanding Culture, Society, and Politics - Year 12', 4, 21),
(66, 'Physical Education and Health 3 - Year 12', 4, 22),
(67, 'Entrepreneurship - Year 12', 4, 23),
(68, 'Inquiries, Investigations, and Immersion - Year 12', 4, 24),
(69, 'Theology of the Body - Year 12', 4, 25),
(70, 'Introduction to Philosophy of the Human Person - Year 12', 4, 26),
(71, 'Robotics 12 - Year 12', 4, 27),
(72, 'Catholic Social Teaching - Year 12', 4, 28),
(73, 'Media and Information Literacy - Year 12', 4, 29),
(74, 'Physical Education and Health 4 - Year 12', 4, 30),
(75, 'Pagsulat sa Filipino sa Piling Larangan (Akademik) - Year 12', 4, 31),
(76, 'Inquiries, Investigations and Immersion (2nd Semester) - Year 12', 4, 32),
(77, 'Community Engagement, Solidarity, and Citizenship - Year 12', 4, 45),
(78, 'Creative Writing - Year 12', 4, 46),
(79, 'Trends, Networks, and Critical Thinking in the 21st Century Culture - Year 12', 4, 47),
(80, 'Creative Non-Fiction - Year 12', 4, 48),
(81, 'Work Immersion/Culminating Activity - Year 12', 4, 49),
(82, 'Faith in the Light of the Epistles of Paul 1 - Year 11', 5, 1),
(83, 'Oral Communication - Year 11', 5, 2),
(84, 'Komunikasyon at Pananaliksik sa Wika at Kulturang Filipino - Year 11', 5, 3),
(85, 'General Mathematics - Year 11', 5, 4),
(86, 'Earth and Life Science - Year 11', 5, 5),
(87, '21st Century Literature from the Philippines and the World - Year 11', 5, 6),
(88, 'Physical Education and Health 1 - Year 11', 5, 7),
(89, 'Empowerment Technologies - Year 11', 5, 8),
(90, 'Practical Research 1 - Year 11', 5, 9),
(91, 'Robotics 11 - Year 11', 5, 10),
(92, 'Faith in the Light of the Epistles of Paul 2 - Year 11', 5, 11),
(93, 'Practical Research 2 - Year 11', 5, 12),
(94, 'Reading and Writing Skills - Year 11', 5, 13),
(95, 'Pagbasa at Pagsusuri ng Ibat ibang Teksto Tungo sa Pananaliksik - Year 11', 5, 14),
(96, 'Statistics and Probability - Year 11', 5, 15),
(97, 'Physical Science - Year 11', 5, 16),
(98, 'Personal Development - Year 11', 5, 17),
(99, 'Physical Education and Health 2 - Year 11', 5, 18),
(100, 'English for Academic and Professional Purposes - Year 11', 5, 19),
(101, 'Pre-Calculus - Year 11', 5, 50),
(102, 'General Biology 1 - Year 11', 5, 51),
(103, 'Basic Calculus - Year 11', 5, 52),
(104, 'General Biology 2 - Year 11', 5, 53),
(105, 'Disaster Readiness and Risk Reduction (DRRR) - Year 11', 5, 54),
(106, 'Contemporary Philippine Arts from the Regions - Year 12', 6, 20),
(107, 'Understanding Culture, Society, and Politics - Year 12', 6, 21),
(108, 'Physical Education and Health 3 - Year 12', 6, 22),
(109, 'Entrepreneurship - Year 12', 6, 23),
(110, 'Inquiries, Investigations, and Immersion - Year 12', 6, 24),
(111, 'Theology of the Body - Year 12', 6, 25),
(112, 'Introduction to Philosophy of the Human Person - Year 12', 6, 26),
(113, 'Robotics 12 - Year 12', 6, 27),
(114, 'Catholic Social Teaching - Year 12', 6, 28),
(115, 'Media and Information Literacy - Year 12', 6, 29),
(116, 'Physical Education and Health 4 - Year 12', 6, 30),
(117, 'Pagsulat sa Filipino sa Piling Larangan (Akademik) - Year 12', 6, 31),
(118, 'Inquiries, Investigations and Immersion (2nd Semester) - Year 12', 6, 32),
(119, 'General Physics 1 - Year 12', 6, 55),
(120, 'General Chemistry 1 - Year 12', 6, 56),
(121, 'General Physics 2 - Year 12', 6, 57),
(122, 'General Chemistry 2 - Year 12', 6, 58),
(123, 'Work Immersion/Capstone Project - Year 12', 6, 59);

-- --------------------------------------------------------

--
-- Table structure for table `break`
--

DROP TABLE IF EXISTS `break`;
CREATE TABLE IF NOT EXISTS `break` (
  `id` int NOT NULL AUTO_INCREMENT,
  `name` varchar(255) DEFAULT NULL,
  `time_slot_id` int DEFAULT NULL,
  `day` varchar(10) NOT NULL,
  `start_time` time DEFAULT NULL,
  `end_time` time DEFAULT NULL,
  `section_id` int NOT NULL,
  PRIMARY KEY (`id`),
  KEY `fk_breaks_section` (`section_id`)
) ENGINE=MyISAM AUTO_INCREMENT=649 DEFAULT CHARSET=utf8mb4 COLLATE=utf8mb4_0900_ai_ci;

--
-- Dumping data for table `break`
--

INSERT INTO `break` (`id`, `name`, `time_slot_id`, `day`, `start_time`, `end_time`, `section_id`) VALUES
(577, 'Recess', 6, 'Monday', '09:30:00', '10:00:00', 1),
(578, 'Lunch Break', 276, 'Monday', '12:00:00', '13:00:00', 1),
(579, 'Recess', 36, 'Tuesday', '09:30:00', '10:00:00', 1),
(580, 'Lunch Break', 291, 'Tuesday', '12:00:00', '13:00:00', 1),
(581, 'Recess', 66, 'Wednesday', '09:30:00', '10:00:00', 1),
(582, 'Lunch Break', 306, 'Wednesday', '12:00:00', '13:00:00', 1),
(583, 'Recess', 96, 'Thursday', '09:30:00', '10:00:00', 1),
(584, 'Lunch Break', 321, 'Thursday', '12:00:00', '13:00:00', 1),
(585, 'Recess', 126, 'Friday', '09:30:00', '10:00:00', 1),
(586, 'Lunch Break', 336, 'Friday', '12:00:00', '13:00:00', 1),
(587, 'Recess', 156, 'Saturday', '09:30:00', '10:00:00', 1),
(588, 'Lunch Break', 351, 'Saturday', '12:00:00', '13:00:00', 1),
(589, 'Recess', 6, 'Monday', '09:30:00', '10:00:00', 2),
(590, 'Lunch Break', 276, 'Monday', '12:00:00', '13:00:00', 2),
(591, 'Recess', 36, 'Tuesday', '09:30:00', '10:00:00', 2),
(592, 'Lunch Break', 291, 'Tuesday', '12:00:00', '13:00:00', 2),
(593, 'Recess', 66, 'Wednesday', '09:30:00', '10:00:00', 2),
(594, 'Lunch Break', 306, 'Wednesday', '12:00:00', '13:00:00', 2),
(595, 'Recess', 96, 'Thursday', '09:30:00', '10:00:00', 2),
(596, 'Lunch Break', 321, 'Thursday', '12:00:00', '13:00:00', 2),
(597, 'Recess', 126, 'Friday', '09:30:00', '10:00:00', 2),
(598, 'Lunch Break', 336, 'Friday', '12:00:00', '13:00:00', 2),
(599, 'Recess', 156, 'Saturday', '09:30:00', '10:00:00', 2),
(600, 'Lunch Break', 351, 'Saturday', '12:00:00', '13:00:00', 2),
(601, 'Recess', 6, 'Monday', '09:30:00', '10:00:00', 3),
(602, 'Lunch Break', 276, 'Monday', '12:00:00', '13:00:00', 3),
(603, 'Recess', 36, 'Tuesday', '09:30:00', '10:00:00', 3),
(604, 'Lunch Break', 291, 'Tuesday', '12:00:00', '13:00:00', 3),
(605, 'Recess', 66, 'Wednesday', '09:30:00', '10:00:00', 3),
(606, 'Lunch Break', 306, 'Wednesday', '12:00:00', '13:00:00', 3),
(607, 'Recess', 96, 'Thursday', '09:30:00', '10:00:00', 3),
(608, 'Lunch Break', 321, 'Thursday', '12:00:00', '13:00:00', 3),
(609, 'Recess', 126, 'Friday', '09:30:00', '10:00:00', 3),
(610, 'Lunch Break', 336, 'Friday', '12:00:00', '13:00:00', 3),
(611, 'Recess', 156, 'Saturday', '09:30:00', '10:00:00', 3),
(612, 'Lunch Break', 351, 'Saturday', '12:00:00', '13:00:00', 3),
(613, 'Recess', 6, 'Monday', '09:30:00', '10:00:00', 4),
(614, 'Lunch Break', 276, 'Monday', '12:00:00', '13:00:00', 4),
(615, 'Recess', 36, 'Tuesday', '09:30:00', '10:00:00', 4),
(616, 'Lunch Break', 291, 'Tuesday', '12:00:00', '13:00:00', 4),
(617, 'Recess', 66, 'Wednesday', '09:30:00', '10:00:00', 4),
(618, 'Lunch Break', 306, 'Wednesday', '12:00:00', '13:00:00', 4),
(619, 'Recess', 96, 'Thursday', '09:30:00', '10:00:00', 4),
(620, 'Lunch Break', 321, 'Thursday', '12:00:00', '13:00:00', 4),
(621, 'Recess', 126, 'Friday', '09:30:00', '10:00:00', 4),
(622, 'Lunch Break', 336, 'Friday', '12:00:00', '13:00:00', 4),
(623, 'Recess', 156, 'Saturday', '09:30:00', '10:00:00', 4),
(624, 'Lunch Break', 351, 'Saturday', '12:00:00', '13:00:00', 4),
(625, 'Recess', 6, 'Monday', '09:30:00', '10:00:00', 5),
(626, 'Lunch Break', 276, 'Monday', '12:00:00', '13:00:00', 5),
(627, 'Recess', 36, 'Tuesday', '09:30:00', '10:00:00', 5),
(628, 'Lunch Break', 291, 'Tuesday', '12:00:00', '13:00:00', 5),
(629, 'Recess', 66, 'Wednesday', '09:30:00', '10:00:00', 5),
(630, 'Lunch Break', 306, 'Wednesday', '12:00:00', '13:00:00', 5),
(631, 'Recess', 96, 'Thursday', '09:30:00', '10:00:00', 5),
(632, 'Lunch Break', 321, 'Thursday', '12:00:00', '13:00:00', 5),
(633, 'Recess', 126, 'Friday', '09:30:00', '10:00:00', 5),
(634, 'Lunch Break', 336, 'Friday', '12:00:00', '13:00:00', 5),
(635, 'Recess', 156, 'Saturday', '09:30:00', '10:00:00', 5),
(636, 'Lunch Break', 351, 'Saturday', '12:00:00', '13:00:00', 5),
(637, 'Recess', 6, 'Monday', '09:30:00', '10:00:00', 6),
(638, 'Lunch Break', 276, 'Monday', '12:00:00', '13:00:00', 6),
(639, 'Recess', 36, 'Tuesday', '09:30:00', '10:00:00', 6),
(640, 'Lunch Break', 291, 'Tuesday', '12:00:00', '13:00:00', 6),
(641, 'Recess', 66, 'Wednesday', '09:30:00', '10:00:00', 6),
(642, 'Lunch Break', 306, 'Wednesday', '12:00:00', '13:00:00', 6),
(643, 'Recess', 96, 'Thursday', '09:30:00', '10:00:00', 6),
(644, 'Lunch Break', 321, 'Thursday', '12:00:00', '13:00:00', 6),
(645, 'Recess', 126, 'Friday', '09:30:00', '10:00:00', 6),
(646, 'Lunch Break', 336, 'Friday', '12:00:00', '13:00:00', 6),
(647, 'Recess', 156, 'Saturday', '09:30:00', '10:00:00', 6),
(648, 'Lunch Break', 351, 'Saturday', '12:00:00', '13:00:00', 6);

-- --------------------------------------------------------

--
-- Table structure for table `rooms`
--

DROP TABLE IF EXISTS `rooms`;
CREATE TABLE IF NOT EXISTS `rooms` (
  `room_id` varchar(10) CHARACTER SET utf8mb4 COLLATE utf8mb4_general_ci NOT NULL,
  `room_name` varchar(50) CHARACTER SET utf8mb4 COLLATE utf8mb4_general_ci DEFAULT NULL,
  `capacity` int DEFAULT NULL,
  `room_type` varchar(50) CHARACTER SET utf8mb4 COLLATE utf8mb4_general_ci DEFAULT NULL,
  PRIMARY KEY (`room_id`)
) ENGINE=MyISAM DEFAULT CHARSET=utf8mb4 COLLATE=utf8mb4_general_ci;

--
-- Dumping data for table `rooms`
--

INSERT INTO `rooms` (`room_id`, `room_name`, `capacity`, `room_type`) VALUES
('R101', 'Room 101', 40, 'LEC'),
('R102', 'Room 102', 40, 'LEC'),
('R103', 'Room 103', 40, 'LEC'),
('R104', 'Room 104', 40, 'LEC'),
('R105', 'Room 105', 40, 'LEC'),
('R106', 'Room 106', 40, 'LEC'),
('R107', 'Room 107', 40, 'LEC'),
('R108', 'Room 108', 40, 'LEC'),
('R109', 'Room 109', 40, 'LEC'),
('R110', 'Room 110', 40, 'LEC'),
('R111', 'Room 111', 40, 'LEC'),
('R112', 'Room 112', 40, 'LEC'),
('R113', 'Room 113', 40, 'LEC'),
('R114', 'Room 114', 40, 'LEC'),
('R115', 'Room 115', 40, 'LEC'),
('R116', 'Room 116', 40, 'LEC'),
('R117', 'Room 117', 40, 'LEC'),
('R118', 'Room 118', 40, 'LEC'),
('R119', 'Room 119', 40, 'LEC'),
('R120', 'Room 120', 40, 'LEC'),
('R121', 'Room 121', 40, 'LEC'),
('R122', 'Room 122', 40, 'LEC'),
('R123', 'Room 123', 40, 'LEC'),
('R124', 'Room 124', 40, 'LEC'),
('R125', 'Room 125', 40, 'LEC'),
('R126', 'Room 126', 40, 'LEC'),
('R127', 'Room 127', 40, 'LEC'),
('R128', 'Room 128', 40, 'LEC'),
('R129', 'Room 129', 40, 'LEC'),
('R130', 'Room 130', 40, 'LEC'),
('CL01', 'Computer Lab 1', 30, 'COMPUTER LAB'),
('CL02', 'Computer Lab 2', 30, 'COMPUTER LAB'),
('CL03', 'Computer Lab 3', 30, 'COMPUTER LAB'),
('CL04', 'Computer Lab 4', 30, 'COMPUTER LAB'),
('CL05', 'Computer Lab 5', 30, 'COMPUTER LAB'),
('CL06', 'Computer Lab 6', 30, 'COMPUTER LAB'),
('CL07', 'Computer Lab 7', 30, 'COMPUTER LAB'),
('CL08', 'Computer Lab 8', 30, 'COMPUTER LAB'),
('CL09', 'Computer Lab 9', 30, 'COMPUTER LAB'),
('CL10', 'Computer Lab 10', 30, 'COMPUTER LAB'),
('SL01', 'General Science Lab 1', 40, 'SCIENCE LAB'),
('SL02', 'General Science Lab 2', 40, 'SCIENCE LAB'),
('SL03', 'General Science Lab 3', 40, 'SCIENCE LAB'),
('SL04', 'General Science Lab 4', 40, 'SCIENCE LAB'),
('SL05', 'General Science Lab 5', 40, 'SCIENCE LAB'),
('PL01', 'Psychology Lab 1', 25, 'PSYCHOLOGY LAB'),
('PL02', 'Psychology Lab 2', 25, 'PSYCHOLOGY LAB'),
('BL01', 'Biology Lab 1', 35, 'BIOLOGY LAB'),
('BL02', 'Biology Lab 2', 35, 'BIOLOGY LAB'),
('CHL01', 'Chemistry Lab 1', 35, 'CHEMISTRY LAB'),
('CHL02', 'Chemistry Lab 2', 35, 'CHEMISTRY LAB'),
('CUL01', 'Culinary Arts Lab 1', 20, 'CULINARY LAB'),
('CUL02', 'Culinary Arts Lab 2', 20, 'CULINARY LAB'),
('CUL03', 'Culinary Arts Lab 3', 20, 'CULINARY LAB'),
('RL01', 'Broadcasting Lab 1', 20, 'BROADCASTING LAB'),
('RL02', 'Broadcasting Lab 2', 20, 'BROADCASTING LAB'),
('ENG01', 'Engineering Lab 1', 40, 'ENGINEERING LAB'),
('ENG02', 'Engineering Lab 2', 40, 'ENGINEERING LAB'),
('MM01', 'Multimedia Lab 1', 30, 'MULTIMEDIA LAB'),
('MM02', 'Multimedia Lab 2', 30, 'MULTIMEDIA LAB'),
('SP01', 'Speech Lab 1', 30, 'SPEECH LAB'),
('SP02', 'Speech Lab 2', 30, 'SPEECH LAB');

-- --------------------------------------------------------

--
-- Table structure for table `schedule`
--

DROP TABLE IF EXISTS `schedule`;
CREATE TABLE IF NOT EXISTS `schedule` (
  `id` int NOT NULL AUTO_INCREMENT,
  `block_id` int DEFAULT NULL,
  `section_id` int DEFAULT NULL,
  `subject_code` varchar(10) CHARACTER SET utf8mb4 COLLATE utf8mb4_general_ci DEFAULT NULL,
  `teacher_name` varchar(100) CHARACTER SET utf8mb4 COLLATE utf8mb4_general_ci DEFAULT NULL,
  `room_name` varchar(50) CHARACTER SET utf8mb4 COLLATE utf8mb4_general_ci DEFAULT NULL,
  `day` varchar(10) CHARACTER SET utf8mb4 COLLATE utf8mb4_general_ci DEFAULT NULL,
  `time_slot_id` varchar(10) CHARACTER SET utf8mb4 COLLATE utf8mb4_general_ci DEFAULT NULL,
  `start_time` time DEFAULT NULL,
  `end_time` time DEFAULT NULL,
  `semester` varchar(20) COLLATE utf8mb4_general_ci DEFAULT NULL,
  PRIMARY KEY (`id`),
  KEY `subject_code` (`subject_code`),
  KEY `fk_schedule_block` (`block_id`)
) ENGINE=MyISAM AUTO_INCREMENT=733 DEFAULT CHARSET=utf8mb4 COLLATE=utf8mb4_general_ci;

--
-- Dumping data for table `schedule`
--

INSERT INTO `schedule` (`id`, `block_id`, `section_id`, `subject_code`, `teacher_name`, `room_name`, `day`, `time_slot_id`, `start_time`, `end_time`, `semester`) VALUES
(1, 1, 1, 'GEN_101', 'Mark Villanueva', 'Room 129', 'Friday', '121', '07:00:00', '07:30:00', '1'),
(2, 1, 1, 'GEN_101', 'Mark Villanueva', 'Room 129', 'Tuesday', '31', '07:00:00', '07:30:00', '1'),
(3, 1, 1, 'GEN_101', 'Mark Villanueva', 'Room 129', 'Thursday', '91', '07:00:00', '07:30:00', '1'),
(4, 1, 1, 'GEN_101', 'Mark Villanueva', 'Room 129', 'Saturday', '151', '07:00:00', '07:30:00', '1'),
(5, 1, 1, 'GEN_101', 'Mark Villanueva', 'Room 129', 'Wednesday', '61', '07:00:00', '07:30:00', '1'),
(6, 1, 1, 'GEN_101', 'Mark Villanueva', 'Room 129', 'Monday', '1', '07:00:00', '07:30:00', '1'),
(7, 2, 1, 'GEN_102', 'John Reyes', 'Speech Lab 1', 'Monday', '2', '07:30:00', '08:00:00', '1'),
(8, 2, 1, 'GEN_102', 'John Reyes', 'Speech Lab 1', 'Thursday', '92', '07:30:00', '08:00:00', '1'),
(9, 2, 1, 'GEN_102', 'John Reyes', 'Speech Lab 1', 'Friday', '122', '07:30:00', '08:00:00', '1'),
(10, 2, 1, 'GEN_102', 'John Reyes', 'Speech Lab 1', 'Saturday', '152', '07:30:00', '08:00:00', '1'),
(11, 2, 1, 'GEN_102', 'John Reyes', 'Speech Lab 1', 'Wednesday', '62', '07:30:00', '08:00:00', '1'),
(12, 2, 1, 'GEN_102', 'John Reyes', 'Speech Lab 1', 'Tuesday', '32', '07:30:00', '08:00:00', '1'),
(13, 3, 1, 'GEN_103', 'Jose Garcia', 'Room 114', 'Thursday', '93', '08:00:00', '08:30:00', '1'),
(14, 3, 1, 'GEN_103', 'Jose Garcia', 'Room 114', 'Monday', '3', '08:00:00', '08:30:00', '1'),
(15, 3, 1, 'GEN_103', 'Jose Garcia', 'Room 114', 'Wednesday', '63', '08:00:00', '08:30:00', '1'),
(16, 3, 1, 'GEN_103', 'Jose Garcia', 'Room 114', 'Tuesday', '33', '08:00:00', '08:30:00', '1'),
(17, 3, 1, 'GEN_103', 'Jose Garcia', 'Room 114', 'Saturday', '153', '08:00:00', '08:30:00', '1'),
(18, 3, 1, 'GEN_103', 'Jose Garcia', 'Room 114', 'Friday', '123', '08:00:00', '08:30:00', '1'),
(19, 4, 1, 'GEN_104', 'Ana Dela Cruz', 'Room 115', 'Friday', '124', '08:30:00', '09:00:00', '1'),
(20, 4, 1, 'GEN_104', 'Ana Dela Cruz', 'Room 115', 'Tuesday', '34', '08:30:00', '09:00:00', '1'),
(21, 4, 1, 'GEN_104', 'Ana Dela Cruz', 'Room 115', 'Saturday', '154', '08:30:00', '09:00:00', '1'),
(22, 4, 1, 'GEN_104', 'Ana Dela Cruz', 'Room 115', 'Thursday', '94', '08:30:00', '09:00:00', '1'),
(23, 4, 1, 'GEN_104', 'Ana Dela Cruz', 'Room 115', 'Monday', '4', '08:30:00', '09:00:00', '1'),
(24, 4, 1, 'GEN_104', 'Ana Dela Cruz', 'Room 115', 'Wednesday', '64', '08:30:00', '09:00:00', '1'),
(25, 5, 1, 'GEN_105', 'Melissa Soriano', 'General Science Lab 5', 'Saturday', '155', '09:00:00', '09:30:00', '1'),
(26, 5, 1, 'GEN_105', 'Melissa Soriano', 'General Science Lab 5', 'Wednesday', '65', '09:00:00', '09:30:00', '1'),
(27, 5, 1, 'GEN_105', 'Melissa Soriano', 'General Science Lab 5', 'Tuesday', '35', '09:00:00', '09:30:00', '1'),
(28, 5, 1, 'GEN_105', 'Melissa Soriano', 'General Science Lab 5', 'Monday', '5', '09:00:00', '09:30:00', '1'),
(29, 5, 1, 'GEN_105', 'Melissa Soriano', 'General Science Lab 5', 'Thursday', '95', '09:00:00', '09:30:00', '1'),
(30, 5, 1, 'GEN_105', 'Melissa Soriano', 'General Science Lab 5', 'Friday', '125', '09:00:00', '09:30:00', '1'),
(31, 6, 1, 'GEN_106', 'Robert Torres', 'Room 122', 'Wednesday', '67', '10:00:00', '10:30:00', '1'),
(32, 6, 1, 'GEN_106', 'Robert Torres', 'Room 122', 'Monday', '7', '10:00:00', '10:30:00', '1'),
(33, 6, 1, 'GEN_106', 'Robert Torres', 'Room 122', 'Tuesday', '37', '10:00:00', '10:30:00', '1'),
(34, 6, 1, 'GEN_106', 'Robert Torres', 'Room 122', 'Thursday', '97', '10:00:00', '10:30:00', '1'),
(35, 6, 1, 'GEN_106', 'Robert Torres', 'Room 122', 'Friday', '127', '10:00:00', '10:30:00', '1'),
(36, 6, 1, 'GEN_106', 'Robert Torres', 'Room 122', 'Saturday', '157', '10:00:00', '10:30:00', '1'),
(37, 7, 1, 'GEN_107', 'Jonathan Tan', 'Room 117', 'Saturday', '158', '10:30:00', '11:00:00', '1'),
(38, 7, 1, 'GEN_107', 'Jonathan Tan', 'Room 117', 'Tuesday', '38', '10:30:00', '11:00:00', '1'),
(39, 7, 1, 'GEN_107', 'Jonathan Tan', 'Room 117', 'Friday', '128', '10:30:00', '11:00:00', '1'),
(40, 7, 1, 'GEN_107', 'Jonathan Tan', 'Room 117', 'Monday', '8', '10:30:00', '11:00:00', '1'),
(41, 7, 1, 'GEN_107', 'Jonathan Tan', 'Room 117', 'Wednesday', '68', '10:30:00', '11:00:00', '1'),
(42, 7, 1, 'GEN_107', 'Jonathan Tan', 'Room 117', 'Thursday', '98', '10:30:00', '11:00:00', '1'),
(43, 8, 1, 'GEN_108', 'Mark Reyes', 'Computer Lab 6', 'Friday', '129', '11:00:00', '11:30:00', '1'),
(44, 8, 1, 'GEN_108', 'Mark Reyes', 'Computer Lab 6', 'Tuesday', '39', '11:00:00', '11:30:00', '1'),
(45, 8, 1, 'GEN_108', 'Mark Reyes', 'Computer Lab 6', 'Thursday', '99', '11:00:00', '11:30:00', '1'),
(46, 8, 1, 'GEN_108', 'Mark Reyes', 'Computer Lab 6', 'Saturday', '159', '11:00:00', '11:30:00', '1'),
(47, 8, 1, 'GEN_108', 'Mark Reyes', 'Computer Lab 6', 'Wednesday', '69', '11:00:00', '11:30:00', '1'),
(48, 8, 1, 'GEN_108', 'Mark Reyes', 'Computer Lab 6', 'Monday', '9', '11:00:00', '11:30:00', '1'),
(49, 9, 1, 'GEN_109', 'Marco Castillo', 'Room 105', 'Thursday', '100', '11:30:00', '12:00:00', '1'),
(50, 9, 1, 'GEN_109', 'Marco Castillo', 'Room 105', 'Tuesday', '40', '11:30:00', '12:00:00', '1'),
(51, 9, 1, 'GEN_109', 'Marco Castillo', 'Room 105', 'Monday', '10', '11:30:00', '12:00:00', '1'),
(52, 9, 1, 'GEN_109', 'Marco Castillo', 'Room 105', 'Saturday', '160', '11:30:00', '12:00:00', '1'),
(53, 9, 1, 'GEN_109', 'Marco Castillo', 'Room 105', 'Wednesday', '70', '11:30:00', '12:00:00', '1'),
(54, 9, 1, 'GEN_109', 'Marco Castillo', 'Room 105', 'Friday', '130', '11:30:00', '12:00:00', '1'),
(55, 10, 1, 'GEN_110', 'Emilio Tan', 'Engineering Lab 2', 'Friday', '133', '13:00:00', '13:30:00', '1'),
(56, 10, 1, 'GEN_110', 'Emilio Tan', 'Engineering Lab 2', 'Saturday', '163', '13:00:00', '13:30:00', '1'),
(57, 10, 1, 'GEN_110', 'Emilio Tan', 'Engineering Lab 2', 'Wednesday', '73', '13:00:00', '13:30:00', '1'),
(58, 10, 1, 'GEN_110', 'Emilio Tan', 'Engineering Lab 2', 'Monday', '13', '13:00:00', '13:30:00', '1'),
(59, 10, 1, 'GEN_110', 'Emilio Tan', 'Engineering Lab 2', 'Tuesday', '43', '13:00:00', '13:30:00', '1'),
(60, 10, 1, 'GEN_110', 'Emilio Tan', 'Engineering Lab 2', 'Thursday', '103', '13:00:00', '13:30:00', '1'),
(61, 11, 1, 'GEN_111', 'Gregory Delos Santos', 'Room 118', 'Wednesday', '61', '07:00:00', '07:30:00', '2'),
(62, 11, 1, 'GEN_111', 'Gregory Delos Santos', 'Room 118', 'Tuesday', '31', '07:00:00', '07:30:00', '2'),
(63, 11, 1, 'GEN_111', 'Gregory Delos Santos', 'Room 118', 'Friday', '121', '07:00:00', '07:30:00', '2'),
(64, 11, 1, 'GEN_111', 'Gregory Delos Santos', 'Room 118', 'Monday', '1', '07:00:00', '07:30:00', '2'),
(65, 11, 1, 'GEN_111', 'Gregory Delos Santos', 'Room 118', 'Thursday', '91', '07:00:00', '07:30:00', '2'),
(66, 11, 1, 'GEN_111', 'Gregory Delos Santos', 'Room 118', 'Saturday', '151', '07:00:00', '07:30:00', '2'),
(67, 12, 1, 'GEN_112', 'Angela Morales', 'Room 116', 'Tuesday', '32', '07:30:00', '08:00:00', '2'),
(68, 12, 1, 'GEN_112', 'Angela Morales', 'Room 116', 'Wednesday', '62', '07:30:00', '08:00:00', '2'),
(69, 12, 1, 'GEN_112', 'Angela Morales', 'Room 116', 'Saturday', '152', '07:30:00', '08:00:00', '2'),
(70, 12, 1, 'GEN_112', 'Angela Morales', 'Room 116', 'Thursday', '92', '07:30:00', '08:00:00', '2'),
(71, 12, 1, 'GEN_112', 'Angela Morales', 'Room 116', 'Monday', '2', '07:30:00', '08:00:00', '2'),
(72, 12, 1, 'GEN_112', 'Angela Morales', 'Room 116', 'Friday', '122', '07:30:00', '08:00:00', '2'),
(73, 13, 1, 'GEN_113', 'Catherine Villanueva', 'Speech Lab 2', 'Wednesday', '63', '08:00:00', '08:30:00', '2'),
(74, 13, 1, 'GEN_113', 'Catherine Villanueva', 'Speech Lab 2', 'Friday', '123', '08:00:00', '08:30:00', '2'),
(75, 13, 1, 'GEN_113', 'Catherine Villanueva', 'Speech Lab 2', 'Tuesday', '33', '08:00:00', '08:30:00', '2'),
(76, 13, 1, 'GEN_113', 'Catherine Villanueva', 'Speech Lab 2', 'Saturday', '153', '08:00:00', '08:30:00', '2'),
(77, 13, 1, 'GEN_113', 'Catherine Villanueva', 'Speech Lab 2', 'Monday', '3', '08:00:00', '08:30:00', '2'),
(78, 13, 1, 'GEN_113', 'Catherine Villanueva', 'Speech Lab 2', 'Thursday', '93', '08:00:00', '08:30:00', '2'),
(79, 14, 1, 'GEN_114', 'Marites Santos', 'Room 124', 'Saturday', '154', '08:30:00', '09:00:00', '2'),
(80, 14, 1, 'GEN_114', 'Marites Santos', 'Room 124', 'Thursday', '94', '08:30:00', '09:00:00', '2'),
(81, 14, 1, 'GEN_114', 'Marites Santos', 'Room 124', 'Tuesday', '34', '08:30:00', '09:00:00', '2'),
(82, 14, 1, 'GEN_114', 'Marites Santos', 'Room 124', 'Friday', '124', '08:30:00', '09:00:00', '2'),
(83, 14, 1, 'GEN_114', 'Marites Santos', 'Room 124', 'Monday', '4', '08:30:00', '09:00:00', '2'),
(84, 14, 1, 'GEN_114', 'Marites Santos', 'Room 124', 'Wednesday', '64', '08:30:00', '09:00:00', '2'),
(85, 15, 1, 'GEN_115', 'Jessica Torres', 'Room 109', 'Monday', '5', '09:00:00', '09:30:00', '2'),
(86, 15, 1, 'GEN_115', 'Jessica Torres', 'Room 109', 'Saturday', '155', '09:00:00', '09:30:00', '2'),
(87, 15, 1, 'GEN_115', 'Jessica Torres', 'Room 109', 'Tuesday', '35', '09:00:00', '09:30:00', '2'),
(88, 15, 1, 'GEN_115', 'Jessica Torres', 'Room 109', 'Friday', '125', '09:00:00', '09:30:00', '2'),
(89, 15, 1, 'GEN_115', 'Jessica Torres', 'Room 109', 'Wednesday', '65', '09:00:00', '09:30:00', '2'),
(90, 15, 1, 'GEN_115', 'Jessica Torres', 'Room 109', 'Thursday', '95', '09:00:00', '09:30:00', '2'),
(91, 16, 1, 'GEN_116', 'Carlos Diaz', 'General Science Lab 1', 'Tuesday', '37', '10:00:00', '10:30:00', '2'),
(92, 16, 1, 'GEN_116', 'Carlos Diaz', 'General Science Lab 1', 'Saturday', '157', '10:00:00', '10:30:00', '2'),
(93, 16, 1, 'GEN_116', 'Carlos Diaz', 'General Science Lab 1', 'Wednesday', '67', '10:00:00', '10:30:00', '2'),
(94, 16, 1, 'GEN_116', 'Carlos Diaz', 'General Science Lab 1', 'Monday', '7', '10:00:00', '10:30:00', '2'),
(95, 16, 1, 'GEN_116', 'Carlos Diaz', 'General Science Lab 1', 'Thursday', '97', '10:00:00', '10:30:00', '2'),
(96, 16, 1, 'GEN_116', 'Carlos Diaz', 'General Science Lab 1', 'Friday', '127', '10:00:00', '10:30:00', '2'),
(97, 17, 1, 'GEN_117', 'Julia Fernandez', 'Psychology Lab 2', 'Saturday', '158', '10:30:00', '11:00:00', '2'),
(98, 17, 1, 'GEN_117', 'Julia Fernandez', 'Psychology Lab 2', 'Thursday', '98', '10:30:00', '11:00:00', '2'),
(99, 17, 1, 'GEN_117', 'Julia Fernandez', 'Psychology Lab 2', 'Wednesday', '68', '10:30:00', '11:00:00', '2'),
(100, 17, 1, 'GEN_117', 'Julia Fernandez', 'Psychology Lab 2', 'Friday', '128', '10:30:00', '11:00:00', '2'),
(101, 17, 1, 'GEN_117', 'Julia Fernandez', 'Psychology Lab 2', 'Tuesday', '38', '10:30:00', '11:00:00', '2'),
(102, 17, 1, 'GEN_117', 'Julia Fernandez', 'Psychology Lab 2', 'Monday', '8', '10:30:00', '11:00:00', '2'),
(103, 18, 1, 'GEN_118', 'Daniel Garcia', 'Room 107', 'Wednesday', '69', '11:00:00', '11:30:00', '2'),
(104, 18, 1, 'GEN_118', 'Daniel Garcia', 'Room 107', 'Monday', '9', '11:00:00', '11:30:00', '2'),
(105, 18, 1, 'GEN_118', 'Daniel Garcia', 'Room 107', 'Saturday', '159', '11:00:00', '11:30:00', '2'),
(106, 18, 1, 'GEN_118', 'Daniel Garcia', 'Room 107', 'Friday', '129', '11:00:00', '11:30:00', '2'),
(107, 18, 1, 'GEN_118', 'Daniel Garcia', 'Room 107', 'Thursday', '99', '11:00:00', '11:30:00', '2'),
(108, 18, 1, 'GEN_118', 'Daniel Garcia', 'Room 107', 'Tuesday', '39', '11:00:00', '11:30:00', '2'),
(109, 19, 1, 'GEN_119', 'Monica Lopez', 'Speech Lab 1', 'Tuesday', '40', '11:30:00', '12:00:00', '2'),
(110, 19, 1, 'GEN_119', 'Monica Lopez', 'Speech Lab 1', 'Saturday', '160', '11:30:00', '12:00:00', '2'),
(111, 19, 1, 'GEN_119', 'Monica Lopez', 'Speech Lab 1', 'Thursday', '100', '11:30:00', '12:00:00', '2'),
(112, 19, 1, 'GEN_119', 'Monica Lopez', 'Speech Lab 1', 'Friday', '130', '11:30:00', '12:00:00', '2'),
(113, 19, 1, 'GEN_119', 'Monica Lopez', 'Speech Lab 1', 'Monday', '10', '11:30:00', '12:00:00', '2'),
(114, 19, 1, 'GEN_119', 'Monica Lopez', 'Speech Lab 1', 'Wednesday', '70', '11:30:00', '12:00:00', '2'),
(115, 20, 1, 'ABM_101', 'Maria Santos', 'Room 109', 'Wednesday', '74', '13:30:00', '14:00:00', '1'),
(116, 20, 1, 'ABM_101', 'Maria Santos', 'Room 109', 'Thursday', '104', '13:30:00', '14:00:00', '1'),
(117, 20, 1, 'ABM_101', 'Maria Santos', 'Room 109', 'Friday', '134', '13:30:00', '14:00:00', '1'),
(118, 20, 1, 'ABM_101', 'Maria Santos', 'Room 109', 'Tuesday', '44', '13:30:00', '14:00:00', '1'),
(119, 20, 1, 'ABM_101', 'Maria Santos', 'Room 109', 'Saturday', '164', '13:30:00', '14:00:00', '1'),
(120, 20, 1, 'ABM_101', 'Maria Santos', 'Room 109', 'Monday', '14', '13:30:00', '14:00:00', '1'),
(121, 21, 1, 'ABM_102', 'Luz Fernandez', 'Room 102', 'Thursday', '105', '14:00:00', '14:30:00', '1'),
(122, 21, 1, 'ABM_102', 'Luz Fernandez', 'Room 102', 'Tuesday', '45', '14:00:00', '14:30:00', '1'),
(123, 21, 1, 'ABM_102', 'Luz Fernandez', 'Room 102', 'Friday', '135', '14:00:00', '14:30:00', '1'),
(124, 21, 1, 'ABM_102', 'Luz Fernandez', 'Room 102', 'Wednesday', '75', '14:00:00', '14:30:00', '1'),
(125, 21, 1, 'ABM_102', 'Luz Fernandez', 'Room 102', 'Monday', '15', '14:00:00', '14:30:00', '1'),
(126, 21, 1, 'ABM_102', 'Luz Fernandez', 'Room 102', 'Saturday', '165', '14:00:00', '14:30:00', '1'),
(127, 22, 1, 'ABM_103', 'Carla Reyes', 'Room 121', 'Monday', '13', '13:00:00', '13:30:00', '2'),
(128, 22, 1, 'ABM_103', 'Carla Reyes', 'Room 121', 'Wednesday', '73', '13:00:00', '13:30:00', '2'),
(129, 22, 1, 'ABM_103', 'Carla Reyes', 'Room 121', 'Friday', '133', '13:00:00', '13:30:00', '2'),
(130, 22, 1, 'ABM_103', 'Carla Reyes', 'Room 121', 'Saturday', '163', '13:00:00', '13:30:00', '2'),
(131, 22, 1, 'ABM_103', 'Carla Reyes', 'Room 121', 'Tuesday', '43', '13:00:00', '13:30:00', '2'),
(132, 22, 1, 'ABM_103', 'Carla Reyes', 'Room 121', 'Thursday', '103', '13:00:00', '13:30:00', '2'),
(133, 23, 1, 'ABM_104', 'Eduardo Lopez', 'Room 102', 'Wednesday', '74', '13:30:00', '14:00:00', '2'),
(134, 23, 1, 'ABM_104', 'Eduardo Lopez', 'Room 102', 'Thursday', '104', '13:30:00', '14:00:00', '2'),
(135, 23, 1, 'ABM_104', 'Eduardo Lopez', 'Room 102', 'Tuesday', '44', '13:30:00', '14:00:00', '2'),
(136, 23, 1, 'ABM_104', 'Eduardo Lopez', 'Room 102', 'Saturday', '164', '13:30:00', '14:00:00', '2'),
(137, 23, 1, 'ABM_104', 'Eduardo Lopez', 'Room 102', 'Monday', '14', '13:30:00', '14:00:00', '2'),
(138, 23, 1, 'ABM_104', 'Eduardo Lopez', 'Room 102', 'Friday', '134', '13:30:00', '14:00:00', '2'),
(139, 24, 2, 'GEN_120', 'Leonardo Cortez', 'Room 118', 'Friday', '121', '07:00:00', '07:30:00', '1'),
(140, 24, 2, 'GEN_120', 'Leonardo Cortez', 'Room 118', 'Thursday', '91', '07:00:00', '07:30:00', '1'),
(141, 24, 2, 'GEN_120', 'Leonardo Cortez', 'Room 118', 'Saturday', '151', '07:00:00', '07:30:00', '1'),
(142, 24, 2, 'GEN_120', 'Leonardo Cortez', 'Room 118', 'Wednesday', '61', '07:00:00', '07:30:00', '1'),
(143, 24, 2, 'GEN_120', 'Leonardo Cortez', 'Room 118', 'Monday', '1', '07:00:00', '07:30:00', '1'),
(144, 24, 2, 'GEN_120', 'Leonardo Cortez', 'Room 118', 'Tuesday', '31', '07:00:00', '07:30:00', '1'),
(145, 25, 2, 'GEN_121', 'Michael Cruz', 'Room 110', 'Monday', '2', '07:30:00', '08:00:00', '1'),
(146, 25, 2, 'GEN_121', 'Michael Cruz', 'Room 110', 'Thursday', '92', '07:30:00', '08:00:00', '1'),
(147, 25, 2, 'GEN_121', 'Michael Cruz', 'Room 110', 'Wednesday', '62', '07:30:00', '08:00:00', '1'),
(148, 25, 2, 'GEN_121', 'Michael Cruz', 'Room 110', 'Friday', '122', '07:30:00', '08:00:00', '1'),
(149, 25, 2, 'GEN_121', 'Michael Cruz', 'Room 110', 'Tuesday', '32', '07:30:00', '08:00:00', '1'),
(150, 25, 2, 'GEN_121', 'Michael Cruz', 'Room 110', 'Saturday', '152', '07:30:00', '08:00:00', '1'),
(151, 26, 2, 'GEN_122', 'Jonathan Tan', 'Room 129', 'Saturday', '153', '08:00:00', '08:30:00', '1'),
(152, 26, 2, 'GEN_122', 'Jonathan Tan', 'Room 129', 'Monday', '3', '08:00:00', '08:30:00', '1'),
(153, 26, 2, 'GEN_122', 'Jonathan Tan', 'Room 129', 'Wednesday', '63', '08:00:00', '08:30:00', '1'),
(154, 26, 2, 'GEN_122', 'Jonathan Tan', 'Room 129', 'Friday', '123', '08:00:00', '08:30:00', '1'),
(155, 26, 2, 'GEN_122', 'Jonathan Tan', 'Room 129', 'Tuesday', '33', '08:00:00', '08:30:00', '1'),
(156, 26, 2, 'GEN_122', 'Jonathan Tan', 'Room 129', 'Thursday', '93', '08:00:00', '08:30:00', '1'),
(157, 27, 2, 'GEN_123', 'Cynthia Gomez', 'Room 122', 'Saturday', '154', '08:30:00', '09:00:00', '1'),
(158, 27, 2, 'GEN_123', 'Cynthia Gomez', 'Room 122', 'Tuesday', '34', '08:30:00', '09:00:00', '1'),
(159, 27, 2, 'GEN_123', 'Cynthia Gomez', 'Room 122', 'Wednesday', '64', '08:30:00', '09:00:00', '1'),
(160, 27, 2, 'GEN_123', 'Cynthia Gomez', 'Room 122', 'Monday', '4', '08:30:00', '09:00:00', '1'),
(161, 27, 2, 'GEN_123', 'Cynthia Gomez', 'Room 122', 'Thursday', '94', '08:30:00', '09:00:00', '1'),
(162, 27, 2, 'GEN_123', 'Cynthia Gomez', 'Room 122', 'Friday', '124', '08:30:00', '09:00:00', '1'),
(163, 28, 2, 'GEN_124', 'Daniel Lopez', 'Room 120', 'Friday', '125', '09:00:00', '09:30:00', '1'),
(164, 28, 2, 'GEN_124', 'Daniel Lopez', 'Room 120', 'Monday', '5', '09:00:00', '09:30:00', '1'),
(165, 28, 2, 'GEN_124', 'Daniel Lopez', 'Room 120', 'Wednesday', '65', '09:00:00', '09:30:00', '1'),
(166, 28, 2, 'GEN_124', 'Daniel Lopez', 'Room 120', 'Saturday', '155', '09:00:00', '09:30:00', '1'),
(167, 28, 2, 'GEN_124', 'Daniel Lopez', 'Room 120', 'Thursday', '95', '09:00:00', '09:30:00', '1'),
(168, 28, 2, 'GEN_124', 'Daniel Lopez', 'Room 120', 'Tuesday', '35', '09:00:00', '09:30:00', '1'),
(169, 29, 2, 'GEN_125', 'Teresa Reyes', 'Room 118', 'Friday', '127', '10:00:00', '10:30:00', '1'),
(170, 29, 2, 'GEN_125', 'Teresa Reyes', 'Room 118', 'Wednesday', '67', '10:00:00', '10:30:00', '1'),
(171, 29, 2, 'GEN_125', 'Teresa Reyes', 'Room 118', 'Thursday', '97', '10:00:00', '10:30:00', '1'),
(172, 29, 2, 'GEN_125', 'Teresa Reyes', 'Room 118', 'Saturday', '157', '10:00:00', '10:30:00', '1'),
(173, 29, 2, 'GEN_125', 'Teresa Reyes', 'Room 118', 'Tuesday', '37', '10:00:00', '10:30:00', '1'),
(174, 29, 2, 'GEN_125', 'Teresa Reyes', 'Room 118', 'Monday', '7', '10:00:00', '10:30:00', '1'),
(175, 30, 2, 'GEN_126', 'Samuel Castro', 'Room 127', 'Saturday', '158', '10:30:00', '11:00:00', '1'),
(176, 30, 2, 'GEN_126', 'Samuel Castro', 'Room 127', 'Monday', '8', '10:30:00', '11:00:00', '1'),
(177, 30, 2, 'GEN_126', 'Samuel Castro', 'Room 127', 'Friday', '128', '10:30:00', '11:00:00', '1'),
(178, 30, 2, 'GEN_126', 'Samuel Castro', 'Room 127', 'Thursday', '98', '10:30:00', '11:00:00', '1'),
(179, 30, 2, 'GEN_126', 'Samuel Castro', 'Room 127', 'Tuesday', '38', '10:30:00', '11:00:00', '1'),
(180, 30, 2, 'GEN_126', 'Samuel Castro', 'Room 127', 'Wednesday', '68', '10:30:00', '11:00:00', '1'),
(181, 31, 2, 'GEN_127', 'Albert Domingo', 'Engineering Lab 2', 'Monday', '9', '11:00:00', '11:30:00', '1'),
(182, 31, 2, 'GEN_127', 'Albert Domingo', 'Engineering Lab 2', 'Saturday', '159', '11:00:00', '11:30:00', '1'),
(183, 31, 2, 'GEN_127', 'Albert Domingo', 'Engineering Lab 2', 'Friday', '129', '11:00:00', '11:30:00', '1'),
(184, 31, 2, 'GEN_127', 'Albert Domingo', 'Engineering Lab 2', 'Thursday', '99', '11:00:00', '11:30:00', '1'),
(185, 31, 2, 'GEN_127', 'Albert Domingo', 'Engineering Lab 2', 'Tuesday', '39', '11:00:00', '11:30:00', '1'),
(186, 31, 2, 'GEN_127', 'Albert Domingo', 'Engineering Lab 2', 'Wednesday', '69', '11:00:00', '11:30:00', '1'),
(187, 32, 2, 'GEN_128', 'Elena Ramos', 'Room 114', 'Thursday', '91', '07:00:00', '07:30:00', '2'),
(188, 32, 2, 'GEN_128', 'Elena Ramos', 'Room 114', 'Friday', '121', '07:00:00', '07:30:00', '2'),
(189, 32, 2, 'GEN_128', 'Elena Ramos', 'Room 114', 'Monday', '1', '07:00:00', '07:30:00', '2'),
(190, 32, 2, 'GEN_128', 'Elena Ramos', 'Room 114', 'Tuesday', '31', '07:00:00', '07:30:00', '2'),
(191, 32, 2, 'GEN_128', 'Elena Ramos', 'Room 114', 'Saturday', '151', '07:00:00', '07:30:00', '2'),
(192, 32, 2, 'GEN_128', 'Elena Ramos', 'Room 114', 'Wednesday', '61', '07:00:00', '07:30:00', '2'),
(193, 33, 2, 'GEN_129', 'Melissa Domingo', 'Computer Lab 4', 'Wednesday', '62', '07:30:00', '08:00:00', '2'),
(194, 33, 2, 'GEN_129', 'Melissa Domingo', 'Computer Lab 4', 'Saturday', '152', '07:30:00', '08:00:00', '2'),
(195, 33, 2, 'GEN_129', 'Melissa Domingo', 'Computer Lab 4', 'Friday', '122', '07:30:00', '08:00:00', '2'),
(196, 33, 2, 'GEN_129', 'Melissa Domingo', 'Computer Lab 4', 'Tuesday', '32', '07:30:00', '08:00:00', '2'),
(197, 33, 2, 'GEN_129', 'Melissa Domingo', 'Computer Lab 4', 'Thursday', '92', '07:30:00', '08:00:00', '2'),
(198, 33, 2, 'GEN_129', 'Melissa Domingo', 'Computer Lab 4', 'Monday', '2', '07:30:00', '08:00:00', '2'),
(199, 34, 2, 'GEN_130', 'Ricardo Hernandez', 'Room 103', 'Tuesday', '33', '08:00:00', '08:30:00', '2'),
(200, 34, 2, 'GEN_130', 'Ricardo Hernandez', 'Room 103', 'Monday', '3', '08:00:00', '08:30:00', '2'),
(201, 34, 2, 'GEN_130', 'Ricardo Hernandez', 'Room 103', 'Wednesday', '63', '08:00:00', '08:30:00', '2'),
(202, 34, 2, 'GEN_130', 'Ricardo Hernandez', 'Room 103', 'Thursday', '93', '08:00:00', '08:30:00', '2'),
(203, 34, 2, 'GEN_130', 'Ricardo Hernandez', 'Room 103', 'Saturday', '153', '08:00:00', '08:30:00', '2'),
(204, 34, 2, 'GEN_130', 'Ricardo Hernandez', 'Room 103', 'Friday', '123', '08:00:00', '08:30:00', '2'),
(205, 35, 2, 'GEN_131', 'Josefina Ramos', 'Room 106', 'Monday', '4', '08:30:00', '09:00:00', '2'),
(206, 35, 2, 'GEN_131', 'Josefina Ramos', 'Room 106', 'Thursday', '94', '08:30:00', '09:00:00', '2'),
(207, 35, 2, 'GEN_131', 'Josefina Ramos', 'Room 106', 'Tuesday', '34', '08:30:00', '09:00:00', '2'),
(208, 35, 2, 'GEN_131', 'Josefina Ramos', 'Room 106', 'Wednesday', '64', '08:30:00', '09:00:00', '2'),
(209, 35, 2, 'GEN_131', 'Josefina Ramos', 'Room 106', 'Saturday', '154', '08:30:00', '09:00:00', '2'),
(210, 35, 2, 'GEN_131', 'Josefina Ramos', 'Room 106', 'Friday', '124', '08:30:00', '09:00:00', '2'),
(211, 36, 2, 'GEN_132', 'Camille Reyes', 'Room 112', 'Monday', '5', '09:00:00', '09:30:00', '2'),
(212, 36, 2, 'GEN_132', 'Camille Reyes', 'Room 112', 'Saturday', '155', '09:00:00', '09:30:00', '2'),
(213, 36, 2, 'GEN_132', 'Camille Reyes', 'Room 112', 'Friday', '125', '09:00:00', '09:30:00', '2'),
(214, 36, 2, 'GEN_132', 'Camille Reyes', 'Room 112', 'Thursday', '95', '09:00:00', '09:30:00', '2'),
(215, 36, 2, 'GEN_132', 'Camille Reyes', 'Room 112', 'Tuesday', '35', '09:00:00', '09:30:00', '2'),
(216, 36, 2, 'GEN_132', 'Camille Reyes', 'Room 112', 'Wednesday', '65', '09:00:00', '09:30:00', '2'),
(217, 37, 2, 'ABM_105', 'Ricardo Gonzalez', 'Room 104', 'Thursday', '100', '11:30:00', '12:00:00', '1'),
(218, 37, 2, 'ABM_105', 'Ricardo Gonzalez', 'Room 104', 'Saturday', '160', '11:30:00', '12:00:00', '1'),
(219, 37, 2, 'ABM_105', 'Ricardo Gonzalez', 'Room 104', 'Tuesday', '40', '11:30:00', '12:00:00', '1'),
(220, 37, 2, 'ABM_105', 'Ricardo Gonzalez', 'Room 104', 'Wednesday', '70', '11:30:00', '12:00:00', '1'),
(221, 37, 2, 'ABM_105', 'Ricardo Gonzalez', 'Room 104', 'Monday', '10', '11:30:00', '12:00:00', '1'),
(222, 37, 2, 'ABM_105', 'Ricardo Gonzalez', 'Room 104', 'Friday', '130', '11:30:00', '12:00:00', '1'),
(223, 38, 2, 'ABM_106', 'Beatrice Santos', 'Room 103', 'Friday', '133', '13:00:00', '13:30:00', '1'),
(224, 38, 2, 'ABM_106', 'Beatrice Santos', 'Room 103', 'Thursday', '103', '13:00:00', '13:30:00', '1'),
(225, 38, 2, 'ABM_106', 'Beatrice Santos', 'Room 103', 'Tuesday', '43', '13:00:00', '13:30:00', '1'),
(226, 38, 2, 'ABM_106', 'Beatrice Santos', 'Room 103', 'Saturday', '163', '13:00:00', '13:30:00', '1'),
(227, 38, 2, 'ABM_106', 'Beatrice Santos', 'Room 103', 'Monday', '13', '13:00:00', '13:30:00', '1'),
(228, 38, 2, 'ABM_106', 'Beatrice Santos', 'Room 103', 'Wednesday', '73', '13:00:00', '13:30:00', '1'),
(229, 39, 2, 'ABM_107', 'Marvin Dela Cruz', 'Room 105', 'Friday', '127', '10:00:00', '10:30:00', '2'),
(230, 39, 2, 'ABM_107', 'Marvin Dela Cruz', 'Room 105', 'Wednesday', '67', '10:00:00', '10:30:00', '2'),
(231, 39, 2, 'ABM_107', 'Marvin Dela Cruz', 'Room 105', 'Thursday', '97', '10:00:00', '10:30:00', '2'),
(232, 39, 2, 'ABM_107', 'Marvin Dela Cruz', 'Room 105', 'Tuesday', '37', '10:00:00', '10:30:00', '2'),
(233, 39, 2, 'ABM_107', 'Marvin Dela Cruz', 'Room 105', 'Saturday', '157', '10:00:00', '10:30:00', '2'),
(234, 39, 2, 'ABM_107', 'Marvin Dela Cruz', 'Room 105', 'Monday', '7', '10:00:00', '10:30:00', '2'),
(235, 40, 2, 'ABM_108', 'Maria Santos', 'Room 127', 'Tuesday', '38', '10:30:00', '11:00:00', '2'),
(236, 40, 2, 'ABM_108', 'Maria Santos', 'Room 127', 'Friday', '128', '10:30:00', '11:00:00', '2'),
(237, 40, 2, 'ABM_108', 'Maria Santos', 'Room 127', 'Saturday', '158', '10:30:00', '11:00:00', '2'),
(238, 40, 2, 'ABM_108', 'Maria Santos', 'Room 127', 'Thursday', '98', '10:30:00', '11:00:00', '2'),
(239, 40, 2, 'ABM_108', 'Maria Santos', 'Room 127', 'Wednesday', '68', '10:30:00', '11:00:00', '2'),
(240, 40, 2, 'ABM_108', 'Maria Santos', 'Room 127', 'Monday', '8', '10:30:00', '11:00:00', '2'),
(241, 41, 3, 'GEN_101', 'Mark Villanueva', 'Room 112', 'Tuesday', '31', '07:00:00', '07:30:00', '1'),
(242, 41, 3, 'GEN_101', 'Mark Villanueva', 'Room 112', 'Friday', '121', '07:00:00', '07:30:00', '1'),
(243, 41, 3, 'GEN_101', 'Mark Villanueva', 'Room 112', 'Thursday', '91', '07:00:00', '07:30:00', '1'),
(244, 41, 3, 'GEN_101', 'Mark Villanueva', 'Room 112', 'Monday', '1', '07:00:00', '07:30:00', '1'),
(245, 41, 3, 'GEN_101', 'Mark Villanueva', 'Room 112', 'Wednesday', '61', '07:00:00', '07:30:00', '1'),
(246, 41, 3, 'GEN_101', 'Mark Villanueva', 'Room 112', 'Saturday', '151', '07:00:00', '07:30:00', '1'),
(247, 42, 3, 'GEN_102', 'Carlos Torres', 'Speech Lab 2', 'Friday', '122', '07:30:00', '08:00:00', '1'),
(248, 42, 3, 'GEN_102', 'Carlos Torres', 'Speech Lab 2', 'Saturday', '152', '07:30:00', '08:00:00', '1'),
(249, 42, 3, 'GEN_102', 'Carlos Torres', 'Speech Lab 2', 'Tuesday', '32', '07:30:00', '08:00:00', '1'),
(250, 42, 3, 'GEN_102', 'Carlos Torres', 'Speech Lab 2', 'Thursday', '92', '07:30:00', '08:00:00', '1'),
(251, 42, 3, 'GEN_102', 'Carlos Torres', 'Speech Lab 2', 'Monday', '2', '07:30:00', '08:00:00', '1'),
(252, 42, 3, 'GEN_102', 'Carlos Torres', 'Speech Lab 2', 'Wednesday', '62', '07:30:00', '08:00:00', '1'),
(253, 43, 3, 'GEN_103', 'Ricardo Manalo', 'Room 122', 'Monday', '3', '08:00:00', '08:30:00', '1'),
(254, 43, 3, 'GEN_103', 'Ricardo Manalo', 'Room 122', 'Saturday', '153', '08:00:00', '08:30:00', '1'),
(255, 43, 3, 'GEN_103', 'Ricardo Manalo', 'Room 122', 'Friday', '123', '08:00:00', '08:30:00', '1'),
(256, 43, 3, 'GEN_103', 'Ricardo Manalo', 'Room 122', 'Wednesday', '63', '08:00:00', '08:30:00', '1'),
(257, 43, 3, 'GEN_103', 'Ricardo Manalo', 'Room 122', 'Tuesday', '33', '08:00:00', '08:30:00', '1'),
(258, 43, 3, 'GEN_103', 'Ricardo Manalo', 'Room 122', 'Thursday', '93', '08:00:00', '08:30:00', '1'),
(259, 44, 3, 'GEN_104', 'Vincent Lim', 'Room 124', 'Wednesday', '64', '08:30:00', '09:00:00', '1'),
(260, 44, 3, 'GEN_104', 'Vincent Lim', 'Room 124', 'Saturday', '154', '08:30:00', '09:00:00', '1'),
(261, 44, 3, 'GEN_104', 'Vincent Lim', 'Room 124', 'Thursday', '94', '08:30:00', '09:00:00', '1'),
(262, 44, 3, 'GEN_104', 'Vincent Lim', 'Room 124', 'Tuesday', '34', '08:30:00', '09:00:00', '1'),
(263, 44, 3, 'GEN_104', 'Vincent Lim', 'Room 124', 'Monday', '4', '08:30:00', '09:00:00', '1'),
(264, 44, 3, 'GEN_104', 'Vincent Lim', 'Room 124', 'Friday', '124', '08:30:00', '09:00:00', '1'),
(265, 45, 3, 'GEN_105', 'Pedro Gonzalez', 'General Science Lab 5', 'Friday', '125', '09:00:00', '09:30:00', '1'),
(266, 45, 3, 'GEN_105', 'Pedro Gonzalez', 'General Science Lab 5', 'Saturday', '155', '09:00:00', '09:30:00', '1'),
(267, 45, 3, 'GEN_105', 'Pedro Gonzalez', 'General Science Lab 5', 'Wednesday', '65', '09:00:00', '09:30:00', '1'),
(268, 45, 3, 'GEN_105', 'Pedro Gonzalez', 'General Science Lab 5', 'Tuesday', '35', '09:00:00', '09:30:00', '1'),
(269, 45, 3, 'GEN_105', 'Pedro Gonzalez', 'General Science Lab 5', 'Monday', '5', '09:00:00', '09:30:00', '1'),
(270, 45, 3, 'GEN_105', 'Pedro Gonzalez', 'General Science Lab 5', 'Thursday', '95', '09:00:00', '09:30:00', '1'),
(271, 46, 3, 'GEN_106', 'Robert Torres', 'Room 129', 'Friday', '127', '10:00:00', '10:30:00', '1'),
(272, 46, 3, 'GEN_106', 'Robert Torres', 'Room 129', 'Wednesday', '67', '10:00:00', '10:30:00', '1'),
(273, 46, 3, 'GEN_106', 'Robert Torres', 'Room 129', 'Tuesday', '37', '10:00:00', '10:30:00', '1'),
(274, 46, 3, 'GEN_106', 'Robert Torres', 'Room 129', 'Thursday', '97', '10:00:00', '10:30:00', '1'),
(275, 46, 3, 'GEN_106', 'Robert Torres', 'Room 129', 'Saturday', '157', '10:00:00', '10:30:00', '1'),
(276, 46, 3, 'GEN_106', 'Robert Torres', 'Room 129', 'Monday', '7', '10:00:00', '10:30:00', '1'),
(277, 47, 3, 'GEN_107', 'Daniel Garcia', 'Room 127', 'Thursday', '98', '10:30:00', '11:00:00', '1'),
(278, 47, 3, 'GEN_107', 'Daniel Garcia', 'Room 127', 'Monday', '8', '10:30:00', '11:00:00', '1'),
(279, 47, 3, 'GEN_107', 'Daniel Garcia', 'Room 127', 'Friday', '128', '10:30:00', '11:00:00', '1'),
(280, 47, 3, 'GEN_107', 'Daniel Garcia', 'Room 127', 'Saturday', '158', '10:30:00', '11:00:00', '1'),
(281, 47, 3, 'GEN_107', 'Daniel Garcia', 'Room 127', 'Tuesday', '38', '10:30:00', '11:00:00', '1'),
(282, 47, 3, 'GEN_107', 'Daniel Garcia', 'Room 127', 'Wednesday', '68', '10:30:00', '11:00:00', '1'),
(283, 48, 3, 'GEN_108', 'Christine Lopez', 'Computer Lab 10', 'Saturday', '159', '11:00:00', '11:30:00', '1'),
(284, 48, 3, 'GEN_108', 'Christine Lopez', 'Computer Lab 10', 'Monday', '9', '11:00:00', '11:30:00', '1'),
(285, 48, 3, 'GEN_108', 'Christine Lopez', 'Computer Lab 10', 'Tuesday', '39', '11:00:00', '11:30:00', '1'),
(286, 48, 3, 'GEN_108', 'Christine Lopez', 'Computer Lab 10', 'Wednesday', '69', '11:00:00', '11:30:00', '1'),
(287, 48, 3, 'GEN_108', 'Christine Lopez', 'Computer Lab 10', 'Friday', '129', '11:00:00', '11:30:00', '1'),
(288, 48, 3, 'GEN_108', 'Christine Lopez', 'Computer Lab 10', 'Thursday', '99', '11:00:00', '11:30:00', '1'),
(289, 49, 3, 'GEN_109', 'Lorena Mendoza', 'Room 128', 'Tuesday', '40', '11:30:00', '12:00:00', '1'),
(290, 49, 3, 'GEN_109', 'Lorena Mendoza', 'Room 128', 'Friday', '130', '11:30:00', '12:00:00', '1'),
(291, 49, 3, 'GEN_109', 'Lorena Mendoza', 'Room 128', 'Saturday', '160', '11:30:00', '12:00:00', '1'),
(292, 49, 3, 'GEN_109', 'Lorena Mendoza', 'Room 128', 'Monday', '10', '11:30:00', '12:00:00', '1'),
(293, 49, 3, 'GEN_109', 'Lorena Mendoza', 'Room 128', 'Thursday', '100', '11:30:00', '12:00:00', '1'),
(294, 49, 3, 'GEN_109', 'Lorena Mendoza', 'Room 128', 'Wednesday', '70', '11:30:00', '12:00:00', '1'),
(295, 50, 3, 'GEN_110', 'Emilio Tan', 'Engineering Lab 1', 'Saturday', '163', '13:00:00', '13:30:00', '1'),
(296, 50, 3, 'GEN_110', 'Emilio Tan', 'Engineering Lab 1', 'Tuesday', '43', '13:00:00', '13:30:00', '1'),
(297, 50, 3, 'GEN_110', 'Emilio Tan', 'Engineering Lab 1', 'Wednesday', '73', '13:00:00', '13:30:00', '1'),
(298, 50, 3, 'GEN_110', 'Emilio Tan', 'Engineering Lab 1', 'Thursday', '103', '13:00:00', '13:30:00', '1'),
(299, 50, 3, 'GEN_110', 'Emilio Tan', 'Engineering Lab 1', 'Monday', '13', '13:00:00', '13:30:00', '1'),
(300, 50, 3, 'GEN_110', 'Emilio Tan', 'Engineering Lab 1', 'Friday', '133', '13:00:00', '13:30:00', '1'),
(301, 51, 3, 'GEN_111', 'Gregory Delos Santos', 'Room 127', 'Thursday', '91', '07:00:00', '07:30:00', '2'),
(302, 51, 3, 'GEN_111', 'Gregory Delos Santos', 'Room 127', 'Wednesday', '61', '07:00:00', '07:30:00', '2'),
(303, 51, 3, 'GEN_111', 'Gregory Delos Santos', 'Room 127', 'Tuesday', '31', '07:00:00', '07:30:00', '2'),
(304, 51, 3, 'GEN_111', 'Gregory Delos Santos', 'Room 127', 'Monday', '1', '07:00:00', '07:30:00', '2'),
(305, 51, 3, 'GEN_111', 'Gregory Delos Santos', 'Room 127', 'Friday', '121', '07:00:00', '07:30:00', '2'),
(306, 51, 3, 'GEN_111', 'Gregory Delos Santos', 'Room 127', 'Saturday', '151', '07:00:00', '07:30:00', '2'),
(307, 52, 3, 'GEN_112', 'Angela Morales', 'Room 102', 'Friday', '122', '07:30:00', '08:00:00', '2'),
(308, 52, 3, 'GEN_112', 'Angela Morales', 'Room 102', 'Monday', '2', '07:30:00', '08:00:00', '2'),
(309, 52, 3, 'GEN_112', 'Angela Morales', 'Room 102', 'Tuesday', '32', '07:30:00', '08:00:00', '2'),
(310, 52, 3, 'GEN_112', 'Angela Morales', 'Room 102', 'Wednesday', '62', '07:30:00', '08:00:00', '2'),
(311, 52, 3, 'GEN_112', 'Angela Morales', 'Room 102', 'Saturday', '152', '07:30:00', '08:00:00', '2'),
(312, 52, 3, 'GEN_112', 'Angela Morales', 'Room 102', 'Thursday', '92', '07:30:00', '08:00:00', '2'),
(313, 53, 3, 'GEN_113', 'Angela Navarro', 'Speech Lab 2', 'Tuesday', '33', '08:00:00', '08:30:00', '2'),
(314, 53, 3, 'GEN_113', 'Angela Navarro', 'Speech Lab 2', 'Friday', '123', '08:00:00', '08:30:00', '2'),
(315, 53, 3, 'GEN_113', 'Angela Navarro', 'Speech Lab 2', 'Wednesday', '63', '08:00:00', '08:30:00', '2'),
(316, 53, 3, 'GEN_113', 'Angela Navarro', 'Speech Lab 2', 'Monday', '3', '08:00:00', '08:30:00', '2'),
(317, 53, 3, 'GEN_113', 'Angela Navarro', 'Speech Lab 2', 'Saturday', '153', '08:00:00', '08:30:00', '2'),
(318, 53, 3, 'GEN_113', 'Angela Navarro', 'Speech Lab 2', 'Thursday', '93', '08:00:00', '08:30:00', '2'),
(319, 54, 3, 'GEN_114', 'Marites Santos', 'Room 128', 'Saturday', '154', '08:30:00', '09:00:00', '2'),
(320, 54, 3, 'GEN_114', 'Marites Santos', 'Room 128', 'Thursday', '94', '08:30:00', '09:00:00', '2'),
(321, 54, 3, 'GEN_114', 'Marites Santos', 'Room 128', 'Friday', '124', '08:30:00', '09:00:00', '2'),
(322, 54, 3, 'GEN_114', 'Marites Santos', 'Room 128', 'Monday', '4', '08:30:00', '09:00:00', '2'),
(323, 54, 3, 'GEN_114', 'Marites Santos', 'Room 128', 'Tuesday', '34', '08:30:00', '09:00:00', '2'),
(324, 54, 3, 'GEN_114', 'Marites Santos', 'Room 128', 'Wednesday', '64', '08:30:00', '09:00:00', '2'),
(325, 55, 3, 'GEN_115', 'Diana Gutierrez', 'Room 107', 'Saturday', '155', '09:00:00', '09:30:00', '2'),
(326, 55, 3, 'GEN_115', 'Diana Gutierrez', 'Room 107', 'Friday', '125', '09:00:00', '09:30:00', '2'),
(327, 55, 3, 'GEN_115', 'Diana Gutierrez', 'Room 107', 'Thursday', '95', '09:00:00', '09:30:00', '2'),
(328, 55, 3, 'GEN_115', 'Diana Gutierrez', 'Room 107', 'Tuesday', '35', '09:00:00', '09:30:00', '2'),
(329, 55, 3, 'GEN_115', 'Diana Gutierrez', 'Room 107', 'Wednesday', '65', '09:00:00', '09:30:00', '2'),
(330, 55, 3, 'GEN_115', 'Diana Gutierrez', 'Room 107', 'Monday', '5', '09:00:00', '09:30:00', '2'),
(331, 56, 3, 'GEN_116', 'Pedro Gonzalez', 'General Science Lab 4', 'Saturday', '157', '10:00:00', '10:30:00', '2'),
(332, 56, 3, 'GEN_116', 'Pedro Gonzalez', 'General Science Lab 4', 'Friday', '127', '10:00:00', '10:30:00', '2'),
(333, 56, 3, 'GEN_116', 'Pedro Gonzalez', 'General Science Lab 4', 'Tuesday', '37', '10:00:00', '10:30:00', '2'),
(334, 56, 3, 'GEN_116', 'Pedro Gonzalez', 'General Science Lab 4', 'Thursday', '97', '10:00:00', '10:30:00', '2'),
(335, 56, 3, 'GEN_116', 'Pedro Gonzalez', 'General Science Lab 4', 'Monday', '7', '10:00:00', '10:30:00', '2'),
(336, 56, 3, 'GEN_116', 'Pedro Gonzalez', 'General Science Lab 4', 'Wednesday', '67', '10:00:00', '10:30:00', '2'),
(337, 57, 3, 'GEN_117', 'Michelle Reyes', 'Psychology Lab 2', 'Monday', '8', '10:30:00', '11:00:00', '2'),
(338, 57, 3, 'GEN_117', 'Michelle Reyes', 'Psychology Lab 2', 'Thursday', '98', '10:30:00', '11:00:00', '2'),
(339, 57, 3, 'GEN_117', 'Michelle Reyes', 'Psychology Lab 2', 'Tuesday', '38', '10:30:00', '11:00:00', '2'),
(340, 57, 3, 'GEN_117', 'Michelle Reyes', 'Psychology Lab 2', 'Friday', '128', '10:30:00', '11:00:00', '2'),
(341, 57, 3, 'GEN_117', 'Michelle Reyes', 'Psychology Lab 2', 'Saturday', '158', '10:30:00', '11:00:00', '2'),
(342, 57, 3, 'GEN_117', 'Michelle Reyes', 'Psychology Lab 2', 'Wednesday', '68', '10:30:00', '11:00:00', '2'),
(343, 58, 3, 'GEN_118', 'Daniel Garcia', 'Room 119', 'Thursday', '99', '11:00:00', '11:30:00', '2'),
(344, 58, 3, 'GEN_118', 'Daniel Garcia', 'Room 119', 'Friday', '129', '11:00:00', '11:30:00', '2'),
(345, 58, 3, 'GEN_118', 'Daniel Garcia', 'Room 119', 'Wednesday', '69', '11:00:00', '11:30:00', '2'),
(346, 58, 3, 'GEN_118', 'Daniel Garcia', 'Room 119', 'Monday', '9', '11:00:00', '11:30:00', '2'),
(347, 58, 3, 'GEN_118', 'Daniel Garcia', 'Room 119', 'Saturday', '159', '11:00:00', '11:30:00', '2'),
(348, 58, 3, 'GEN_118', 'Daniel Garcia', 'Room 119', 'Tuesday', '39', '11:00:00', '11:30:00', '2'),
(349, 59, 3, 'GEN_119', 'Samuel Martinez', 'Speech Lab 2', 'Saturday', '160', '11:30:00', '12:00:00', '2'),
(350, 59, 3, 'GEN_119', 'Samuel Martinez', 'Speech Lab 2', 'Wednesday', '70', '11:30:00', '12:00:00', '2'),
(351, 59, 3, 'GEN_119', 'Samuel Martinez', 'Speech Lab 2', 'Monday', '10', '11:30:00', '12:00:00', '2'),
(352, 59, 3, 'GEN_119', 'Samuel Martinez', 'Speech Lab 2', 'Friday', '130', '11:30:00', '12:00:00', '2'),
(353, 59, 3, 'GEN_119', 'Samuel Martinez', 'Speech Lab 2', 'Thursday', '100', '11:30:00', '12:00:00', '2'),
(354, 59, 3, 'GEN_119', 'Samuel Martinez', 'Speech Lab 2', 'Tuesday', '40', '11:30:00', '12:00:00', '2'),
(355, 60, 3, 'HUMSS_101', 'Juan Cruz', 'Room 121', 'Thursday', '104', '13:30:00', '14:00:00', '1'),
(356, 60, 3, 'HUMSS_101', 'Juan Cruz', 'Room 121', 'Friday', '134', '13:30:00', '14:00:00', '1'),
(357, 60, 3, 'HUMSS_101', 'Juan Cruz', 'Room 121', 'Wednesday', '74', '13:30:00', '14:00:00', '1'),
(358, 60, 3, 'HUMSS_101', 'Juan Cruz', 'Room 121', 'Tuesday', '44', '13:30:00', '14:00:00', '1'),
(359, 60, 3, 'HUMSS_101', 'Juan Cruz', 'Room 121', 'Monday', '14', '13:30:00', '14:00:00', '1'),
(360, 60, 3, 'HUMSS_101', 'Juan Cruz', 'Room 121', 'Saturday', '164', '13:30:00', '14:00:00', '1'),
(361, 61, 3, 'HUMSS_102', 'Beatrice Castillo', 'Room 112', 'Monday', '15', '14:00:00', '14:30:00', '1'),
(362, 61, 3, 'HUMSS_102', 'Beatrice Castillo', 'Room 112', 'Wednesday', '75', '14:00:00', '14:30:00', '1'),
(363, 61, 3, 'HUMSS_102', 'Beatrice Castillo', 'Room 112', 'Friday', '135', '14:00:00', '14:30:00', '1'),
(364, 61, 3, 'HUMSS_102', 'Beatrice Castillo', 'Room 112', 'Tuesday', '45', '14:00:00', '14:30:00', '1'),
(365, 61, 3, 'HUMSS_102', 'Beatrice Castillo', 'Room 112', 'Saturday', '165', '14:00:00', '14:30:00', '1'),
(366, 61, 3, 'HUMSS_102', 'Beatrice Castillo', 'Room 112', 'Thursday', '105', '14:00:00', '14:30:00', '1'),
(367, 62, 3, 'HUMSS_103', 'Gregory Delos Santos', 'Room 116', 'Thursday', '103', '13:00:00', '13:30:00', '2'),
(368, 62, 3, 'HUMSS_103', 'Gregory Delos Santos', 'Room 116', 'Wednesday', '73', '13:00:00', '13:30:00', '2'),
(369, 62, 3, 'HUMSS_103', 'Gregory Delos Santos', 'Room 116', 'Saturday', '163', '13:00:00', '13:30:00', '2'),
(370, 62, 3, 'HUMSS_103', 'Gregory Delos Santos', 'Room 116', 'Tuesday', '43', '13:00:00', '13:30:00', '2'),
(371, 62, 3, 'HUMSS_103', 'Gregory Delos Santos', 'Room 116', 'Monday', '13', '13:00:00', '13:30:00', '2'),
(372, 62, 3, 'HUMSS_103', 'Gregory Delos Santos', 'Room 116', 'Friday', '133', '13:00:00', '13:30:00', '2'),
(373, 63, 3, 'HUMSS_104', 'Anthony Salvador', 'Room 116', 'Friday', '134', '13:30:00', '14:00:00', '2'),
(374, 63, 3, 'HUMSS_104', 'Anthony Salvador', 'Room 116', 'Saturday', '164', '13:30:00', '14:00:00', '2'),
(375, 63, 3, 'HUMSS_104', 'Anthony Salvador', 'Room 116', 'Thursday', '104', '13:30:00', '14:00:00', '2'),
(376, 63, 3, 'HUMSS_104', 'Anthony Salvador', 'Room 116', 'Monday', '14', '13:30:00', '14:00:00', '2'),
(377, 63, 3, 'HUMSS_104', 'Anthony Salvador', 'Room 116', 'Wednesday', '74', '13:30:00', '14:00:00', '2'),
(378, 63, 3, 'HUMSS_104', 'Anthony Salvador', 'Room 116', 'Tuesday', '44', '13:30:00', '14:00:00', '2'),
(379, 64, 4, 'GEN_120', 'Jonathan Rivera', 'Room 102', 'Monday', '1', '07:00:00', '07:30:00', '1'),
(380, 64, 4, 'GEN_120', 'Jonathan Rivera', 'Room 102', 'Thursday', '91', '07:00:00', '07:30:00', '1'),
(381, 64, 4, 'GEN_120', 'Jonathan Rivera', 'Room 102', 'Tuesday', '31', '07:00:00', '07:30:00', '1'),
(382, 64, 4, 'GEN_120', 'Jonathan Rivera', 'Room 102', 'Saturday', '151', '07:00:00', '07:30:00', '1'),
(383, 64, 4, 'GEN_120', 'Jonathan Rivera', 'Room 102', 'Friday', '121', '07:00:00', '07:30:00', '1'),
(384, 64, 4, 'GEN_120', 'Jonathan Rivera', 'Room 102', 'Wednesday', '61', '07:00:00', '07:30:00', '1'),
(385, 65, 4, 'GEN_121', 'Melissa Navarro', 'Room 104', 'Wednesday', '62', '07:30:00', '08:00:00', '1'),
(386, 65, 4, 'GEN_121', 'Melissa Navarro', 'Room 104', 'Monday', '2', '07:30:00', '08:00:00', '1'),
(387, 65, 4, 'GEN_121', 'Melissa Navarro', 'Room 104', 'Thursday', '92', '07:30:00', '08:00:00', '1'),
(388, 65, 4, 'GEN_121', 'Melissa Navarro', 'Room 104', 'Friday', '122', '07:30:00', '08:00:00', '1'),
(389, 65, 4, 'GEN_121', 'Melissa Navarro', 'Room 104', 'Tuesday', '32', '07:30:00', '08:00:00', '1'),
(390, 65, 4, 'GEN_121', 'Melissa Navarro', 'Room 104', 'Saturday', '152', '07:30:00', '08:00:00', '1'),
(391, 66, 4, 'GEN_122', 'Marco Delgado', 'Room 107', 'Monday', '3', '08:00:00', '08:30:00', '1'),
(392, 66, 4, 'GEN_122', 'Marco Delgado', 'Room 107', 'Thursday', '93', '08:00:00', '08:30:00', '1'),
(393, 66, 4, 'GEN_122', 'Marco Delgado', 'Room 107', 'Saturday', '153', '08:00:00', '08:30:00', '1'),
(394, 66, 4, 'GEN_122', 'Marco Delgado', 'Room 107', 'Friday', '123', '08:00:00', '08:30:00', '1'),
(395, 66, 4, 'GEN_122', 'Marco Delgado', 'Room 107', 'Tuesday', '33', '08:00:00', '08:30:00', '1'),
(396, 66, 4, 'GEN_122', 'Marco Delgado', 'Room 107', 'Wednesday', '63', '08:00:00', '08:30:00', '1'),
(397, 67, 4, 'GEN_123', 'Sophia Castro', 'Room 110', 'Tuesday', '34', '08:30:00', '09:00:00', '1'),
(398, 67, 4, 'GEN_123', 'Sophia Castro', 'Room 110', 'Thursday', '94', '08:30:00', '09:00:00', '1'),
(399, 67, 4, 'GEN_123', 'Sophia Castro', 'Room 110', 'Monday', '4', '08:30:00', '09:00:00', '1'),
(400, 67, 4, 'GEN_123', 'Sophia Castro', 'Room 110', 'Wednesday', '64', '08:30:00', '09:00:00', '1'),
(401, 67, 4, 'GEN_123', 'Sophia Castro', 'Room 110', 'Friday', '124', '08:30:00', '09:00:00', '1'),
(402, 67, 4, 'GEN_123', 'Sophia Castro', 'Room 110', 'Saturday', '154', '08:30:00', '09:00:00', '1'),
(403, 68, 4, 'GEN_124', 'Daniel Lopez', 'Room 112', 'Wednesday', '65', '09:00:00', '09:30:00', '1'),
(404, 68, 4, 'GEN_124', 'Daniel Lopez', 'Room 112', 'Saturday', '155', '09:00:00', '09:30:00', '1'),
(405, 68, 4, 'GEN_124', 'Daniel Lopez', 'Room 112', 'Monday', '5', '09:00:00', '09:30:00', '1'),
(406, 68, 4, 'GEN_124', 'Daniel Lopez', 'Room 112', 'Friday', '125', '09:00:00', '09:30:00', '1'),
(407, 68, 4, 'GEN_124', 'Daniel Lopez', 'Room 112', 'Tuesday', '35', '09:00:00', '09:30:00', '1'),
(408, 68, 4, 'GEN_124', 'Daniel Lopez', 'Room 112', 'Thursday', '95', '09:00:00', '09:30:00', '1'),
(409, 69, 4, 'GEN_125', 'Teresa Reyes', 'Room 105', 'Thursday', '97', '10:00:00', '10:30:00', '1'),
(410, 69, 4, 'GEN_125', 'Teresa Reyes', 'Room 105', 'Friday', '127', '10:00:00', '10:30:00', '1'),
(411, 69, 4, 'GEN_125', 'Teresa Reyes', 'Room 105', 'Monday', '7', '10:00:00', '10:30:00', '1'),
(412, 69, 4, 'GEN_125', 'Teresa Reyes', 'Room 105', 'Wednesday', '67', '10:00:00', '10:30:00', '1'),
(413, 69, 4, 'GEN_125', 'Teresa Reyes', 'Room 105', 'Saturday', '157', '10:00:00', '10:30:00', '1'),
(414, 69, 4, 'GEN_125', 'Teresa Reyes', 'Room 105', 'Tuesday', '37', '10:00:00', '10:30:00', '1'),
(415, 70, 4, 'GEN_126', 'Anthony Salvador', 'Room 119', 'Saturday', '158', '10:30:00', '11:00:00', '1'),
(416, 70, 4, 'GEN_126', 'Anthony Salvador', 'Room 119', 'Friday', '128', '10:30:00', '11:00:00', '1'),
(417, 70, 4, 'GEN_126', 'Anthony Salvador', 'Room 119', 'Thursday', '98', '10:30:00', '11:00:00', '1'),
(418, 70, 4, 'GEN_126', 'Anthony Salvador', 'Room 119', 'Monday', '8', '10:30:00', '11:00:00', '1'),
(419, 70, 4, 'GEN_126', 'Anthony Salvador', 'Room 119', 'Tuesday', '38', '10:30:00', '11:00:00', '1'),
(420, 70, 4, 'GEN_126', 'Anthony Salvador', 'Room 119', 'Wednesday', '68', '10:30:00', '11:00:00', '1'),
(421, 71, 4, 'GEN_127', 'Michael Santos', 'Engineering Lab 2', 'Friday', '129', '11:00:00', '11:30:00', '1'),
(422, 71, 4, 'GEN_127', 'Michael Santos', 'Engineering Lab 2', 'Saturday', '159', '11:00:00', '11:30:00', '1'),
(423, 71, 4, 'GEN_127', 'Michael Santos', 'Engineering Lab 2', 'Wednesday', '69', '11:00:00', '11:30:00', '1'),
(424, 71, 4, 'GEN_127', 'Michael Santos', 'Engineering Lab 2', 'Tuesday', '39', '11:00:00', '11:30:00', '1'),
(425, 71, 4, 'GEN_127', 'Michael Santos', 'Engineering Lab 2', 'Thursday', '99', '11:00:00', '11:30:00', '1'),
(426, 71, 4, 'GEN_127', 'Michael Santos', 'Engineering Lab 2', 'Monday', '9', '11:00:00', '11:30:00', '1'),
(427, 72, 4, 'GEN_128', 'Angela Gutierrez', 'Room 104', 'Thursday', '91', '07:00:00', '07:30:00', '2'),
(428, 72, 4, 'GEN_128', 'Angela Gutierrez', 'Room 104', 'Friday', '121', '07:00:00', '07:30:00', '2'),
(429, 72, 4, 'GEN_128', 'Angela Gutierrez', 'Room 104', 'Saturday', '151', '07:00:00', '07:30:00', '2'),
(430, 72, 4, 'GEN_128', 'Angela Gutierrez', 'Room 104', 'Wednesday', '61', '07:00:00', '07:30:00', '2'),
(431, 72, 4, 'GEN_128', 'Angela Gutierrez', 'Room 104', 'Tuesday', '31', '07:00:00', '07:30:00', '2'),
(432, 72, 4, 'GEN_128', 'Angela Gutierrez', 'Room 104', 'Monday', '1', '07:00:00', '07:30:00', '2'),
(433, 73, 4, 'GEN_129', 'Francis Ortega', 'Computer Lab 4', 'Friday', '122', '07:30:00', '08:00:00', '2'),
(434, 73, 4, 'GEN_129', 'Francis Ortega', 'Computer Lab 4', 'Tuesday', '32', '07:30:00', '08:00:00', '2'),
(435, 73, 4, 'GEN_129', 'Francis Ortega', 'Computer Lab 4', 'Monday', '2', '07:30:00', '08:00:00', '2'),
(436, 73, 4, 'GEN_129', 'Francis Ortega', 'Computer Lab 4', 'Saturday', '152', '07:30:00', '08:00:00', '2'),
(437, 73, 4, 'GEN_129', 'Francis Ortega', 'Computer Lab 4', 'Thursday', '92', '07:30:00', '08:00:00', '2'),
(438, 73, 4, 'GEN_129', 'Francis Ortega', 'Computer Lab 4', 'Wednesday', '62', '07:30:00', '08:00:00', '2'),
(439, 74, 4, 'GEN_130', 'Joseph Garcia', 'Room 115', 'Friday', '123', '08:00:00', '08:30:00', '2'),
(440, 74, 4, 'GEN_130', 'Joseph Garcia', 'Room 115', 'Tuesday', '33', '08:00:00', '08:30:00', '2'),
(441, 74, 4, 'GEN_130', 'Joseph Garcia', 'Room 115', 'Monday', '3', '08:00:00', '08:30:00', '2'),
(442, 74, 4, 'GEN_130', 'Joseph Garcia', 'Room 115', 'Wednesday', '63', '08:00:00', '08:30:00', '2'),
(443, 74, 4, 'GEN_130', 'Joseph Garcia', 'Room 115', 'Saturday', '153', '08:00:00', '08:30:00', '2'),
(444, 74, 4, 'GEN_130', 'Joseph Garcia', 'Room 115', 'Thursday', '93', '08:00:00', '08:30:00', '2'),
(445, 75, 4, 'GEN_131', 'Josefina Ramos', 'Room 113', 'Friday', '124', '08:30:00', '09:00:00', '2'),
(446, 75, 4, 'GEN_131', 'Josefina Ramos', 'Room 113', 'Saturday', '154', '08:30:00', '09:00:00', '2'),
(447, 75, 4, 'GEN_131', 'Josefina Ramos', 'Room 113', 'Thursday', '94', '08:30:00', '09:00:00', '2'),
(448, 75, 4, 'GEN_131', 'Josefina Ramos', 'Room 113', 'Tuesday', '34', '08:30:00', '09:00:00', '2'),
(449, 75, 4, 'GEN_131', 'Josefina Ramos', 'Room 113', 'Monday', '4', '08:30:00', '09:00:00', '2'),
(450, 75, 4, 'GEN_131', 'Josefina Ramos', 'Room 113', 'Wednesday', '64', '08:30:00', '09:00:00', '2'),
(451, 76, 4, 'GEN_132', 'Cynthia Lopez', 'Room 104', 'Saturday', '155', '09:00:00', '09:30:00', '2'),
(452, 76, 4, 'GEN_132', 'Cynthia Lopez', 'Room 104', 'Thursday', '95', '09:00:00', '09:30:00', '2'),
(453, 76, 4, 'GEN_132', 'Cynthia Lopez', 'Room 104', 'Friday', '125', '09:00:00', '09:30:00', '2'),
(454, 76, 4, 'GEN_132', 'Cynthia Lopez', 'Room 104', 'Wednesday', '65', '09:00:00', '09:30:00', '2'),
(455, 76, 4, 'GEN_132', 'Cynthia Lopez', 'Room 104', 'Tuesday', '35', '09:00:00', '09:30:00', '2'),
(456, 76, 4, 'GEN_132', 'Cynthia Lopez', 'Room 104', 'Monday', '5', '09:00:00', '09:30:00', '2'),
(457, 77, 4, 'HUMSS_105', 'Ricardo Manalo', 'Room 102', 'Tuesday', '40', '11:30:00', '12:00:00', '1'),
(458, 77, 4, 'HUMSS_105', 'Ricardo Manalo', 'Room 102', 'Thursday', '100', '11:30:00', '12:00:00', '1'),
(459, 77, 4, 'HUMSS_105', 'Ricardo Manalo', 'Room 102', 'Friday', '130', '11:30:00', '12:00:00', '1'),
(460, 77, 4, 'HUMSS_105', 'Ricardo Manalo', 'Room 102', 'Monday', '10', '11:30:00', '12:00:00', '1'),
(461, 77, 4, 'HUMSS_105', 'Ricardo Manalo', 'Room 102', 'Saturday', '160', '11:30:00', '12:00:00', '1'),
(462, 77, 4, 'HUMSS_105', 'Ricardo Manalo', 'Room 102', 'Wednesday', '70', '11:30:00', '12:00:00', '1'),
(463, 78, 4, 'HUMSS_106', 'Juan Cruz', 'Room 104', 'Monday', '13', '13:00:00', '13:30:00', '1'),
(464, 78, 4, 'HUMSS_106', 'Juan Cruz', 'Room 104', 'Saturday', '163', '13:00:00', '13:30:00', '1'),
(465, 78, 4, 'HUMSS_106', 'Juan Cruz', 'Room 104', 'Tuesday', '43', '13:00:00', '13:30:00', '1'),
(466, 78, 4, 'HUMSS_106', 'Juan Cruz', 'Room 104', 'Friday', '133', '13:00:00', '13:30:00', '1'),
(467, 78, 4, 'HUMSS_106', 'Juan Cruz', 'Room 104', 'Thursday', '103', '13:00:00', '13:30:00', '1'),
(468, 78, 4, 'HUMSS_106', 'Juan Cruz', 'Room 104', 'Wednesday', '73', '13:00:00', '13:30:00', '1'),
(469, 79, 4, 'HUMSS_107', 'Bryan Santos', 'Room 112', 'Thursday', '97', '10:00:00', '10:30:00', '2'),
(470, 79, 4, 'HUMSS_107', 'Bryan Santos', 'Room 112', 'Friday', '127', '10:00:00', '10:30:00', '2'),
(471, 79, 4, 'HUMSS_107', 'Bryan Santos', 'Room 112', 'Saturday', '157', '10:00:00', '10:30:00', '2'),
(472, 79, 4, 'HUMSS_107', 'Bryan Santos', 'Room 112', 'Monday', '7', '10:00:00', '10:30:00', '2'),
(473, 79, 4, 'HUMSS_107', 'Bryan Santos', 'Room 112', 'Wednesday', '67', '10:00:00', '10:30:00', '2'),
(474, 79, 4, 'HUMSS_107', 'Bryan Santos', 'Room 112', 'Tuesday', '37', '10:00:00', '10:30:00', '2'),
(475, 80, 4, 'HUMSS_108', 'Jessica Rivera', 'Room 104', 'Tuesday', '38', '10:30:00', '11:00:00', '2'),
(476, 80, 4, 'HUMSS_108', 'Jessica Rivera', 'Room 104', 'Monday', '8', '10:30:00', '11:00:00', '2'),
(477, 80, 4, 'HUMSS_108', 'Jessica Rivera', 'Room 104', 'Wednesday', '68', '10:30:00', '11:00:00', '2'),
(478, 80, 4, 'HUMSS_108', 'Jessica Rivera', 'Room 104', 'Thursday', '98', '10:30:00', '11:00:00', '2'),
(479, 80, 4, 'HUMSS_108', 'Jessica Rivera', 'Room 104', 'Friday', '128', '10:30:00', '11:00:00', '2'),
(480, 80, 4, 'HUMSS_108', 'Jessica Rivera', 'Room 104', 'Saturday', '158', '10:30:00', '11:00:00', '2'),
(481, 81, 4, 'HUMSS_109', 'Francis Castillo', 'Room 128', 'Wednesday', '69', '11:00:00', '11:30:00', '2'),
(482, 81, 4, 'HUMSS_109', 'Francis Castillo', 'Room 128', 'Thursday', '99', '11:00:00', '11:30:00', '2'),
(483, 81, 4, 'HUMSS_109', 'Francis Castillo', 'Room 128', 'Monday', '9', '11:00:00', '11:30:00', '2'),
(484, 81, 4, 'HUMSS_109', 'Francis Castillo', 'Room 128', 'Saturday', '159', '11:00:00', '11:30:00', '2'),
(485, 81, 4, 'HUMSS_109', 'Francis Castillo', 'Room 128', 'Friday', '129', '11:00:00', '11:30:00', '2'),
(486, 81, 4, 'HUMSS_109', 'Francis Castillo', 'Room 128', 'Tuesday', '39', '11:00:00', '11:30:00', '2'),
(487, 82, 5, 'GEN_101', 'Mark Villanueva', 'Room 121', 'Monday', '1', '07:00:00', '07:30:00', '1'),
(488, 82, 5, 'GEN_101', 'Mark Villanueva', 'Room 121', 'Wednesday', '61', '07:00:00', '07:30:00', '1'),
(489, 82, 5, 'GEN_101', 'Mark Villanueva', 'Room 121', 'Tuesday', '31', '07:00:00', '07:30:00', '1'),
(490, 82, 5, 'GEN_101', 'Mark Villanueva', 'Room 121', 'Saturday', '151', '07:00:00', '07:30:00', '1'),
(491, 82, 5, 'GEN_101', 'Mark Villanueva', 'Room 121', 'Friday', '121', '07:00:00', '07:30:00', '1'),
(492, 82, 5, 'GEN_101', 'Mark Villanueva', 'Room 121', 'Thursday', '91', '07:00:00', '07:30:00', '1'),
(493, 83, 5, 'GEN_102', 'Carlos Torres', 'Speech Lab 1', 'Thursday', '92', '07:30:00', '08:00:00', '1');
INSERT INTO `schedule` (`id`, `block_id`, `section_id`, `subject_code`, `teacher_name`, `room_name`, `day`, `time_slot_id`, `start_time`, `end_time`, `semester`) VALUES
(494, 83, 5, 'GEN_102', 'Carlos Torres', 'Speech Lab 1', 'Monday', '2', '07:30:00', '08:00:00', '1'),
(495, 83, 5, 'GEN_102', 'Carlos Torres', 'Speech Lab 1', 'Friday', '122', '07:30:00', '08:00:00', '1'),
(496, 83, 5, 'GEN_102', 'Carlos Torres', 'Speech Lab 1', 'Saturday', '152', '07:30:00', '08:00:00', '1'),
(497, 83, 5, 'GEN_102', 'Carlos Torres', 'Speech Lab 1', 'Tuesday', '32', '07:30:00', '08:00:00', '1'),
(498, 83, 5, 'GEN_102', 'Carlos Torres', 'Speech Lab 1', 'Wednesday', '62', '07:30:00', '08:00:00', '1'),
(499, 84, 5, 'GEN_103', 'Liza Gomez', 'Room 103', 'Monday', '3', '08:00:00', '08:30:00', '1'),
(500, 84, 5, 'GEN_103', 'Liza Gomez', 'Room 103', 'Wednesday', '63', '08:00:00', '08:30:00', '1'),
(501, 84, 5, 'GEN_103', 'Liza Gomez', 'Room 103', 'Friday', '123', '08:00:00', '08:30:00', '1'),
(502, 84, 5, 'GEN_103', 'Liza Gomez', 'Room 103', 'Thursday', '93', '08:00:00', '08:30:00', '1'),
(503, 84, 5, 'GEN_103', 'Liza Gomez', 'Room 103', 'Tuesday', '33', '08:00:00', '08:30:00', '1'),
(504, 84, 5, 'GEN_103', 'Liza Gomez', 'Room 103', 'Saturday', '153', '08:00:00', '08:30:00', '1'),
(505, 85, 5, 'GEN_104', 'Ana Dela Cruz', 'Room 105', 'Tuesday', '34', '08:30:00', '09:00:00', '1'),
(506, 85, 5, 'GEN_104', 'Ana Dela Cruz', 'Room 105', 'Friday', '124', '08:30:00', '09:00:00', '1'),
(507, 85, 5, 'GEN_104', 'Ana Dela Cruz', 'Room 105', 'Wednesday', '64', '08:30:00', '09:00:00', '1'),
(508, 85, 5, 'GEN_104', 'Ana Dela Cruz', 'Room 105', 'Saturday', '154', '08:30:00', '09:00:00', '1'),
(509, 85, 5, 'GEN_104', 'Ana Dela Cruz', 'Room 105', 'Thursday', '94', '08:30:00', '09:00:00', '1'),
(510, 85, 5, 'GEN_104', 'Ana Dela Cruz', 'Room 105', 'Monday', '4', '08:30:00', '09:00:00', '1'),
(511, 86, 5, 'GEN_105', 'Angela Fernandez', 'General Science Lab 3', 'Friday', '125', '09:00:00', '09:30:00', '1'),
(512, 86, 5, 'GEN_105', 'Angela Fernandez', 'General Science Lab 3', 'Saturday', '155', '09:00:00', '09:30:00', '1'),
(513, 86, 5, 'GEN_105', 'Angela Fernandez', 'General Science Lab 3', 'Tuesday', '35', '09:00:00', '09:30:00', '1'),
(514, 86, 5, 'GEN_105', 'Angela Fernandez', 'General Science Lab 3', 'Monday', '5', '09:00:00', '09:30:00', '1'),
(515, 86, 5, 'GEN_105', 'Angela Fernandez', 'General Science Lab 3', 'Wednesday', '65', '09:00:00', '09:30:00', '1'),
(516, 86, 5, 'GEN_105', 'Angela Fernandez', 'General Science Lab 3', 'Thursday', '95', '09:00:00', '09:30:00', '1'),
(517, 87, 5, 'GEN_106', 'Robert Torres', 'Room 118', 'Friday', '127', '10:00:00', '10:30:00', '1'),
(518, 87, 5, 'GEN_106', 'Robert Torres', 'Room 118', 'Monday', '7', '10:00:00', '10:30:00', '1'),
(519, 87, 5, 'GEN_106', 'Robert Torres', 'Room 118', 'Wednesday', '67', '10:00:00', '10:30:00', '1'),
(520, 87, 5, 'GEN_106', 'Robert Torres', 'Room 118', 'Saturday', '157', '10:00:00', '10:30:00', '1'),
(521, 87, 5, 'GEN_106', 'Robert Torres', 'Room 118', 'Thursday', '97', '10:00:00', '10:30:00', '1'),
(522, 87, 5, 'GEN_106', 'Robert Torres', 'Room 118', 'Tuesday', '37', '10:00:00', '10:30:00', '1'),
(523, 88, 5, 'GEN_107', 'Daniel Garcia', 'Room 118', 'Monday', '8', '10:30:00', '11:00:00', '1'),
(524, 88, 5, 'GEN_107', 'Daniel Garcia', 'Room 118', 'Thursday', '98', '10:30:00', '11:00:00', '1'),
(525, 88, 5, 'GEN_107', 'Daniel Garcia', 'Room 118', 'Tuesday', '38', '10:30:00', '11:00:00', '1'),
(526, 88, 5, 'GEN_107', 'Daniel Garcia', 'Room 118', 'Friday', '128', '10:30:00', '11:00:00', '1'),
(527, 88, 5, 'GEN_107', 'Daniel Garcia', 'Room 118', 'Wednesday', '68', '10:30:00', '11:00:00', '1'),
(528, 88, 5, 'GEN_107', 'Daniel Garcia', 'Room 118', 'Saturday', '158', '10:30:00', '11:00:00', '1'),
(529, 89, 5, 'GEN_108', 'Christine Lopez', 'Computer Lab 6', 'Tuesday', '39', '11:00:00', '11:30:00', '1'),
(530, 89, 5, 'GEN_108', 'Christine Lopez', 'Computer Lab 6', 'Monday', '9', '11:00:00', '11:30:00', '1'),
(531, 89, 5, 'GEN_108', 'Christine Lopez', 'Computer Lab 6', 'Wednesday', '69', '11:00:00', '11:30:00', '1'),
(532, 89, 5, 'GEN_108', 'Christine Lopez', 'Computer Lab 6', 'Friday', '129', '11:00:00', '11:30:00', '1'),
(533, 89, 5, 'GEN_108', 'Christine Lopez', 'Computer Lab 6', 'Saturday', '159', '11:00:00', '11:30:00', '1'),
(534, 89, 5, 'GEN_108', 'Christine Lopez', 'Computer Lab 6', 'Thursday', '99', '11:00:00', '11:30:00', '1'),
(535, 90, 5, 'GEN_109', 'Marco Castillo', 'Room 118', 'Wednesday', '70', '11:30:00', '12:00:00', '1'),
(536, 90, 5, 'GEN_109', 'Marco Castillo', 'Room 118', 'Monday', '10', '11:30:00', '12:00:00', '1'),
(537, 90, 5, 'GEN_109', 'Marco Castillo', 'Room 118', 'Tuesday', '40', '11:30:00', '12:00:00', '1'),
(538, 90, 5, 'GEN_109', 'Marco Castillo', 'Room 118', 'Saturday', '160', '11:30:00', '12:00:00', '1'),
(539, 90, 5, 'GEN_109', 'Marco Castillo', 'Room 118', 'Friday', '130', '11:30:00', '12:00:00', '1'),
(540, 90, 5, 'GEN_109', 'Marco Castillo', 'Room 118', 'Thursday', '100', '11:30:00', '12:00:00', '1'),
(541, 91, 5, 'GEN_110', 'Emilio Tan', 'Engineering Lab 1', 'Saturday', '163', '13:00:00', '13:30:00', '1'),
(542, 91, 5, 'GEN_110', 'Emilio Tan', 'Engineering Lab 1', 'Friday', '133', '13:00:00', '13:30:00', '1'),
(543, 91, 5, 'GEN_110', 'Emilio Tan', 'Engineering Lab 1', 'Monday', '13', '13:00:00', '13:30:00', '1'),
(544, 91, 5, 'GEN_110', 'Emilio Tan', 'Engineering Lab 1', 'Thursday', '103', '13:00:00', '13:30:00', '1'),
(545, 91, 5, 'GEN_110', 'Emilio Tan', 'Engineering Lab 1', 'Tuesday', '43', '13:00:00', '13:30:00', '1'),
(546, 91, 5, 'GEN_110', 'Emilio Tan', 'Engineering Lab 1', 'Wednesday', '73', '13:00:00', '13:30:00', '1'),
(547, 92, 5, 'GEN_111', 'Gregory Delos Santos', 'Room 105', 'Wednesday', '61', '07:00:00', '07:30:00', '2'),
(548, 92, 5, 'GEN_111', 'Gregory Delos Santos', 'Room 105', 'Thursday', '91', '07:00:00', '07:30:00', '2'),
(549, 92, 5, 'GEN_111', 'Gregory Delos Santos', 'Room 105', 'Tuesday', '31', '07:00:00', '07:30:00', '2'),
(550, 92, 5, 'GEN_111', 'Gregory Delos Santos', 'Room 105', 'Saturday', '151', '07:00:00', '07:30:00', '2'),
(551, 92, 5, 'GEN_111', 'Gregory Delos Santos', 'Room 105', 'Friday', '121', '07:00:00', '07:30:00', '2'),
(552, 92, 5, 'GEN_111', 'Gregory Delos Santos', 'Room 105', 'Monday', '1', '07:00:00', '07:30:00', '2'),
(553, 93, 5, 'GEN_112', 'Angela Morales', 'Room 130', 'Monday', '2', '07:30:00', '08:00:00', '2'),
(554, 93, 5, 'GEN_112', 'Angela Morales', 'Room 130', 'Thursday', '92', '07:30:00', '08:00:00', '2'),
(555, 93, 5, 'GEN_112', 'Angela Morales', 'Room 130', 'Tuesday', '32', '07:30:00', '08:00:00', '2'),
(556, 93, 5, 'GEN_112', 'Angela Morales', 'Room 130', 'Friday', '122', '07:30:00', '08:00:00', '2'),
(557, 93, 5, 'GEN_112', 'Angela Morales', 'Room 130', 'Saturday', '152', '07:30:00', '08:00:00', '2'),
(558, 93, 5, 'GEN_112', 'Angela Morales', 'Room 130', 'Wednesday', '62', '07:30:00', '08:00:00', '2'),
(559, 94, 5, 'GEN_113', 'Catherine Villanueva', 'Speech Lab 2', 'Friday', '123', '08:00:00', '08:30:00', '2'),
(560, 94, 5, 'GEN_113', 'Catherine Villanueva', 'Speech Lab 2', 'Monday', '3', '08:00:00', '08:30:00', '2'),
(561, 94, 5, 'GEN_113', 'Catherine Villanueva', 'Speech Lab 2', 'Tuesday', '33', '08:00:00', '08:30:00', '2'),
(562, 94, 5, 'GEN_113', 'Catherine Villanueva', 'Speech Lab 2', 'Wednesday', '63', '08:00:00', '08:30:00', '2'),
(563, 94, 5, 'GEN_113', 'Catherine Villanueva', 'Speech Lab 2', 'Saturday', '153', '08:00:00', '08:30:00', '2'),
(564, 94, 5, 'GEN_113', 'Catherine Villanueva', 'Speech Lab 2', 'Thursday', '93', '08:00:00', '08:30:00', '2'),
(565, 95, 5, 'GEN_114', 'Marites Santos', 'Room 107', 'Wednesday', '64', '08:30:00', '09:00:00', '2'),
(566, 95, 5, 'GEN_114', 'Marites Santos', 'Room 107', 'Tuesday', '34', '08:30:00', '09:00:00', '2'),
(567, 95, 5, 'GEN_114', 'Marites Santos', 'Room 107', 'Thursday', '94', '08:30:00', '09:00:00', '2'),
(568, 95, 5, 'GEN_114', 'Marites Santos', 'Room 107', 'Saturday', '154', '08:30:00', '09:00:00', '2'),
(569, 95, 5, 'GEN_114', 'Marites Santos', 'Room 107', 'Monday', '4', '08:30:00', '09:00:00', '2'),
(570, 95, 5, 'GEN_114', 'Marites Santos', 'Room 107', 'Friday', '124', '08:30:00', '09:00:00', '2'),
(571, 96, 5, 'GEN_115', 'Diana Gutierrez', 'Room 101', 'Wednesday', '65', '09:00:00', '09:30:00', '2'),
(572, 96, 5, 'GEN_115', 'Diana Gutierrez', 'Room 101', 'Tuesday', '35', '09:00:00', '09:30:00', '2'),
(573, 96, 5, 'GEN_115', 'Diana Gutierrez', 'Room 101', 'Thursday', '95', '09:00:00', '09:30:00', '2'),
(574, 96, 5, 'GEN_115', 'Diana Gutierrez', 'Room 101', 'Friday', '125', '09:00:00', '09:30:00', '2'),
(575, 96, 5, 'GEN_115', 'Diana Gutierrez', 'Room 101', 'Monday', '5', '09:00:00', '09:30:00', '2'),
(576, 96, 5, 'GEN_115', 'Diana Gutierrez', 'Room 101', 'Saturday', '155', '09:00:00', '09:30:00', '2'),
(577, 97, 5, 'GEN_116', 'Pedro Gonzalez', 'General Science Lab 4', 'Tuesday', '37', '10:00:00', '10:30:00', '2'),
(578, 97, 5, 'GEN_116', 'Pedro Gonzalez', 'General Science Lab 4', 'Monday', '7', '10:00:00', '10:30:00', '2'),
(579, 97, 5, 'GEN_116', 'Pedro Gonzalez', 'General Science Lab 4', 'Thursday', '97', '10:00:00', '10:30:00', '2'),
(580, 97, 5, 'GEN_116', 'Pedro Gonzalez', 'General Science Lab 4', 'Wednesday', '67', '10:00:00', '10:30:00', '2'),
(581, 97, 5, 'GEN_116', 'Pedro Gonzalez', 'General Science Lab 4', 'Saturday', '157', '10:00:00', '10:30:00', '2'),
(582, 97, 5, 'GEN_116', 'Pedro Gonzalez', 'General Science Lab 4', 'Friday', '127', '10:00:00', '10:30:00', '2'),
(583, 98, 5, 'GEN_117', 'Beatrice Castillo', 'Psychology Lab 2', 'Wednesday', '68', '10:30:00', '11:00:00', '2'),
(584, 98, 5, 'GEN_117', 'Beatrice Castillo', 'Psychology Lab 2', 'Friday', '128', '10:30:00', '11:00:00', '2'),
(585, 98, 5, 'GEN_117', 'Beatrice Castillo', 'Psychology Lab 2', 'Saturday', '158', '10:30:00', '11:00:00', '2'),
(586, 98, 5, 'GEN_117', 'Beatrice Castillo', 'Psychology Lab 2', 'Monday', '8', '10:30:00', '11:00:00', '2'),
(587, 98, 5, 'GEN_117', 'Beatrice Castillo', 'Psychology Lab 2', 'Tuesday', '38', '10:30:00', '11:00:00', '2'),
(588, 98, 5, 'GEN_117', 'Beatrice Castillo', 'Psychology Lab 2', 'Thursday', '98', '10:30:00', '11:00:00', '2'),
(589, 99, 5, 'GEN_118', 'Daniel Garcia', 'Room 109', 'Wednesday', '69', '11:00:00', '11:30:00', '2'),
(590, 99, 5, 'GEN_118', 'Daniel Garcia', 'Room 109', 'Saturday', '159', '11:00:00', '11:30:00', '2'),
(591, 99, 5, 'GEN_118', 'Daniel Garcia', 'Room 109', 'Tuesday', '39', '11:00:00', '11:30:00', '2'),
(592, 99, 5, 'GEN_118', 'Daniel Garcia', 'Room 109', 'Monday', '9', '11:00:00', '11:30:00', '2'),
(593, 99, 5, 'GEN_118', 'Daniel Garcia', 'Room 109', 'Thursday', '99', '11:00:00', '11:30:00', '2'),
(594, 99, 5, 'GEN_118', 'Daniel Garcia', 'Room 109', 'Friday', '129', '11:00:00', '11:30:00', '2'),
(595, 100, 5, 'GEN_119', 'Samuel Martinez', 'Speech Lab 1', 'Saturday', '160', '11:30:00', '12:00:00', '2'),
(596, 100, 5, 'GEN_119', 'Samuel Martinez', 'Speech Lab 1', 'Tuesday', '40', '11:30:00', '12:00:00', '2'),
(597, 100, 5, 'GEN_119', 'Samuel Martinez', 'Speech Lab 1', 'Friday', '130', '11:30:00', '12:00:00', '2'),
(598, 100, 5, 'GEN_119', 'Samuel Martinez', 'Speech Lab 1', 'Thursday', '100', '11:30:00', '12:00:00', '2'),
(599, 100, 5, 'GEN_119', 'Samuel Martinez', 'Speech Lab 1', 'Wednesday', '70', '11:30:00', '12:00:00', '2'),
(600, 100, 5, 'GEN_119', 'Samuel Martinez', 'Speech Lab 1', 'Monday', '10', '11:30:00', '12:00:00', '2'),
(601, 101, 5, 'STEM_101', 'Elena Reyes', 'Room 126', 'Saturday', '164', '13:30:00', '14:00:00', '1'),
(602, 101, 5, 'STEM_101', 'Elena Reyes', 'Room 126', 'Thursday', '104', '13:30:00', '14:00:00', '1'),
(603, 101, 5, 'STEM_101', 'Elena Reyes', 'Room 126', 'Wednesday', '74', '13:30:00', '14:00:00', '1'),
(604, 101, 5, 'STEM_101', 'Elena Reyes', 'Room 126', 'Tuesday', '44', '13:30:00', '14:00:00', '1'),
(605, 101, 5, 'STEM_101', 'Elena Reyes', 'Room 126', 'Monday', '14', '13:30:00', '14:00:00', '1'),
(606, 101, 5, 'STEM_101', 'Elena Reyes', 'Room 126', 'Friday', '134', '13:30:00', '14:00:00', '1'),
(607, 102, 5, 'STEM_102', 'Joseph Ramos', 'Biology Lab 2', 'Saturday', '165', '14:00:00', '14:30:00', '1'),
(608, 102, 5, 'STEM_102', 'Joseph Ramos', 'Biology Lab 2', 'Friday', '135', '14:00:00', '14:30:00', '1'),
(609, 102, 5, 'STEM_102', 'Joseph Ramos', 'Biology Lab 2', 'Tuesday', '45', '14:00:00', '14:30:00', '1'),
(610, 102, 5, 'STEM_102', 'Joseph Ramos', 'Biology Lab 2', 'Wednesday', '75', '14:00:00', '14:30:00', '1'),
(611, 102, 5, 'STEM_102', 'Joseph Ramos', 'Biology Lab 2', 'Monday', '15', '14:00:00', '14:30:00', '1'),
(612, 102, 5, 'STEM_102', 'Joseph Ramos', 'Biology Lab 2', 'Thursday', '105', '14:00:00', '14:30:00', '1'),
(613, 103, 5, 'STEM_103', 'Raymond Castillo', 'Room 126', 'Friday', '133', '13:00:00', '13:30:00', '2'),
(614, 103, 5, 'STEM_103', 'Raymond Castillo', 'Room 126', 'Tuesday', '43', '13:00:00', '13:30:00', '2'),
(615, 103, 5, 'STEM_103', 'Raymond Castillo', 'Room 126', 'Wednesday', '73', '13:00:00', '13:30:00', '2'),
(616, 103, 5, 'STEM_103', 'Raymond Castillo', 'Room 126', 'Saturday', '163', '13:00:00', '13:30:00', '2'),
(617, 103, 5, 'STEM_103', 'Raymond Castillo', 'Room 126', 'Monday', '13', '13:00:00', '13:30:00', '2'),
(618, 103, 5, 'STEM_103', 'Raymond Castillo', 'Room 126', 'Thursday', '103', '13:00:00', '13:30:00', '2'),
(619, 104, 5, 'STEM_104', 'Eliza Mendoza', 'Biology Lab 2', 'Monday', '14', '13:30:00', '14:00:00', '2'),
(620, 104, 5, 'STEM_104', 'Eliza Mendoza', 'Biology Lab 2', 'Tuesday', '44', '13:30:00', '14:00:00', '2'),
(621, 104, 5, 'STEM_104', 'Eliza Mendoza', 'Biology Lab 2', 'Friday', '134', '13:30:00', '14:00:00', '2'),
(622, 104, 5, 'STEM_104', 'Eliza Mendoza', 'Biology Lab 2', 'Saturday', '164', '13:30:00', '14:00:00', '2'),
(623, 104, 5, 'STEM_104', 'Eliza Mendoza', 'Biology Lab 2', 'Wednesday', '74', '13:30:00', '14:00:00', '2'),
(624, 104, 5, 'STEM_104', 'Eliza Mendoza', 'Biology Lab 2', 'Thursday', '104', '13:30:00', '14:00:00', '2'),
(625, 106, 6, 'GEN_120', 'Jonathan Rivera', 'Room 125', 'Saturday', '151', '07:00:00', '07:30:00', '1'),
(626, 106, 6, 'GEN_120', 'Jonathan Rivera', 'Room 125', 'Tuesday', '31', '07:00:00', '07:30:00', '1'),
(627, 106, 6, 'GEN_120', 'Jonathan Rivera', 'Room 125', 'Wednesday', '61', '07:00:00', '07:30:00', '1'),
(628, 106, 6, 'GEN_120', 'Jonathan Rivera', 'Room 125', 'Monday', '1', '07:00:00', '07:30:00', '1'),
(629, 106, 6, 'GEN_120', 'Jonathan Rivera', 'Room 125', 'Thursday', '91', '07:00:00', '07:30:00', '1'),
(630, 106, 6, 'GEN_120', 'Jonathan Rivera', 'Room 125', 'Friday', '121', '07:00:00', '07:30:00', '1'),
(631, 107, 6, 'GEN_121', 'Melissa Navarro', 'Room 121', 'Friday', '122', '07:30:00', '08:00:00', '1'),
(632, 107, 6, 'GEN_121', 'Melissa Navarro', 'Room 121', 'Thursday', '92', '07:30:00', '08:00:00', '1'),
(633, 107, 6, 'GEN_121', 'Melissa Navarro', 'Room 121', 'Wednesday', '62', '07:30:00', '08:00:00', '1'),
(634, 107, 6, 'GEN_121', 'Melissa Navarro', 'Room 121', 'Saturday', '152', '07:30:00', '08:00:00', '1'),
(635, 107, 6, 'GEN_121', 'Melissa Navarro', 'Room 121', 'Tuesday', '32', '07:30:00', '08:00:00', '1'),
(636, 107, 6, 'GEN_121', 'Melissa Navarro', 'Room 121', 'Monday', '2', '07:30:00', '08:00:00', '1'),
(637, 108, 6, 'GEN_122', 'Daniel Torres', 'Room 104', 'Wednesday', '63', '08:00:00', '08:30:00', '1'),
(638, 108, 6, 'GEN_122', 'Daniel Torres', 'Room 104', 'Monday', '3', '08:00:00', '08:30:00', '1'),
(639, 108, 6, 'GEN_122', 'Daniel Torres', 'Room 104', 'Thursday', '93', '08:00:00', '08:30:00', '1'),
(640, 108, 6, 'GEN_122', 'Daniel Torres', 'Room 104', 'Saturday', '153', '08:00:00', '08:30:00', '1'),
(641, 108, 6, 'GEN_122', 'Daniel Torres', 'Room 104', 'Tuesday', '33', '08:00:00', '08:30:00', '1'),
(642, 108, 6, 'GEN_122', 'Daniel Torres', 'Room 104', 'Friday', '123', '08:00:00', '08:30:00', '1'),
(643, 109, 6, 'GEN_123', 'Maria Reyes', 'Room 106', 'Saturday', '154', '08:30:00', '09:00:00', '1'),
(644, 109, 6, 'GEN_123', 'Maria Reyes', 'Room 106', 'Friday', '124', '08:30:00', '09:00:00', '1'),
(645, 109, 6, 'GEN_123', 'Maria Reyes', 'Room 106', 'Thursday', '94', '08:30:00', '09:00:00', '1'),
(646, 109, 6, 'GEN_123', 'Maria Reyes', 'Room 106', 'Wednesday', '64', '08:30:00', '09:00:00', '1'),
(647, 109, 6, 'GEN_123', 'Maria Reyes', 'Room 106', 'Monday', '4', '08:30:00', '09:00:00', '1'),
(648, 109, 6, 'GEN_123', 'Maria Reyes', 'Room 106', 'Tuesday', '34', '08:30:00', '09:00:00', '1'),
(649, 110, 6, 'GEN_124', 'Antonio Velasquez', 'Room 104', 'Saturday', '155', '09:00:00', '09:30:00', '1'),
(650, 110, 6, 'GEN_124', 'Antonio Velasquez', 'Room 104', 'Thursday', '95', '09:00:00', '09:30:00', '1'),
(651, 110, 6, 'GEN_124', 'Antonio Velasquez', 'Room 104', 'Monday', '5', '09:00:00', '09:30:00', '1'),
(652, 110, 6, 'GEN_124', 'Antonio Velasquez', 'Room 104', 'Tuesday', '35', '09:00:00', '09:30:00', '1'),
(653, 110, 6, 'GEN_124', 'Antonio Velasquez', 'Room 104', 'Wednesday', '65', '09:00:00', '09:30:00', '1'),
(654, 110, 6, 'GEN_124', 'Antonio Velasquez', 'Room 104', 'Friday', '125', '09:00:00', '09:30:00', '1'),
(655, 111, 6, 'GEN_125', 'Sister Maria Reyes', 'Room 109', 'Wednesday', '67', '10:00:00', '10:30:00', '1'),
(656, 111, 6, 'GEN_125', 'Sister Maria Reyes', 'Room 109', 'Thursday', '97', '10:00:00', '10:30:00', '1'),
(657, 111, 6, 'GEN_125', 'Sister Maria Reyes', 'Room 109', 'Friday', '127', '10:00:00', '10:30:00', '1'),
(658, 111, 6, 'GEN_125', 'Sister Maria Reyes', 'Room 109', 'Saturday', '157', '10:00:00', '10:30:00', '1'),
(659, 111, 6, 'GEN_125', 'Sister Maria Reyes', 'Room 109', 'Tuesday', '37', '10:00:00', '10:30:00', '1'),
(660, 111, 6, 'GEN_125', 'Sister Maria Reyes', 'Room 109', 'Monday', '7', '10:00:00', '10:30:00', '1'),
(661, 112, 6, 'GEN_126', 'Christian Mendoza', 'Room 103', 'Wednesday', '68', '10:30:00', '11:00:00', '1'),
(662, 112, 6, 'GEN_126', 'Christian Mendoza', 'Room 103', 'Saturday', '158', '10:30:00', '11:00:00', '1'),
(663, 112, 6, 'GEN_126', 'Christian Mendoza', 'Room 103', 'Monday', '8', '10:30:00', '11:00:00', '1'),
(664, 112, 6, 'GEN_126', 'Christian Mendoza', 'Room 103', 'Thursday', '98', '10:30:00', '11:00:00', '1'),
(665, 112, 6, 'GEN_126', 'Christian Mendoza', 'Room 103', 'Tuesday', '38', '10:30:00', '11:00:00', '1'),
(666, 112, 6, 'GEN_126', 'Christian Mendoza', 'Room 103', 'Friday', '128', '10:30:00', '11:00:00', '1'),
(667, 113, 6, 'GEN_127', 'Albert Domingo', 'Engineering Lab 2', 'Tuesday', '39', '11:00:00', '11:30:00', '1'),
(668, 113, 6, 'GEN_127', 'Albert Domingo', 'Engineering Lab 2', 'Saturday', '159', '11:00:00', '11:30:00', '1'),
(669, 113, 6, 'GEN_127', 'Albert Domingo', 'Engineering Lab 2', 'Monday', '9', '11:00:00', '11:30:00', '1'),
(670, 113, 6, 'GEN_127', 'Albert Domingo', 'Engineering Lab 2', 'Friday', '129', '11:00:00', '11:30:00', '1'),
(671, 113, 6, 'GEN_127', 'Albert Domingo', 'Engineering Lab 2', 'Thursday', '99', '11:00:00', '11:30:00', '1'),
(672, 113, 6, 'GEN_127', 'Albert Domingo', 'Engineering Lab 2', 'Wednesday', '69', '11:00:00', '11:30:00', '1'),
(673, 114, 6, 'GEN_128', 'Fr. Antonio Valdez', 'Room 130', 'Friday', '121', '07:00:00', '07:30:00', '2'),
(674, 114, 6, 'GEN_128', 'Fr. Antonio Valdez', 'Room 130', 'Saturday', '151', '07:00:00', '07:30:00', '2'),
(675, 114, 6, 'GEN_128', 'Fr. Antonio Valdez', 'Room 130', 'Thursday', '91', '07:00:00', '07:30:00', '2'),
(676, 114, 6, 'GEN_128', 'Fr. Antonio Valdez', 'Room 130', 'Wednesday', '61', '07:00:00', '07:30:00', '2'),
(677, 114, 6, 'GEN_128', 'Fr. Antonio Valdez', 'Room 130', 'Monday', '1', '07:00:00', '07:30:00', '2'),
(678, 114, 6, 'GEN_128', 'Fr. Antonio Valdez', 'Room 130', 'Tuesday', '31', '07:00:00', '07:30:00', '2'),
(679, 115, 6, 'GEN_129', 'Mark Fernandez', 'Computer Lab 7', 'Thursday', '92', '07:30:00', '08:00:00', '2'),
(680, 115, 6, 'GEN_129', 'Mark Fernandez', 'Computer Lab 7', 'Wednesday', '62', '07:30:00', '08:00:00', '2'),
(681, 115, 6, 'GEN_129', 'Mark Fernandez', 'Computer Lab 7', 'Friday', '122', '07:30:00', '08:00:00', '2'),
(682, 115, 6, 'GEN_129', 'Mark Fernandez', 'Computer Lab 7', 'Tuesday', '32', '07:30:00', '08:00:00', '2'),
(683, 115, 6, 'GEN_129', 'Mark Fernandez', 'Computer Lab 7', 'Monday', '2', '07:30:00', '08:00:00', '2'),
(684, 115, 6, 'GEN_129', 'Mark Fernandez', 'Computer Lab 7', 'Saturday', '152', '07:30:00', '08:00:00', '2'),
(685, 116, 6, 'GEN_130', 'Ricardo Hernandez', 'Room 122', 'Friday', '123', '08:00:00', '08:30:00', '2'),
(686, 116, 6, 'GEN_130', 'Ricardo Hernandez', 'Room 122', 'Saturday', '153', '08:00:00', '08:30:00', '2'),
(687, 116, 6, 'GEN_130', 'Ricardo Hernandez', 'Room 122', 'Wednesday', '63', '08:00:00', '08:30:00', '2'),
(688, 116, 6, 'GEN_130', 'Ricardo Hernandez', 'Room 122', 'Tuesday', '33', '08:00:00', '08:30:00', '2'),
(689, 116, 6, 'GEN_130', 'Ricardo Hernandez', 'Room 122', 'Monday', '3', '08:00:00', '08:30:00', '2'),
(690, 116, 6, 'GEN_130', 'Ricardo Hernandez', 'Room 122', 'Thursday', '93', '08:00:00', '08:30:00', '2'),
(691, 117, 6, 'GEN_131', 'Rosario Dela Cruz', 'Room 126', 'Friday', '124', '08:30:00', '09:00:00', '2'),
(692, 117, 6, 'GEN_131', 'Rosario Dela Cruz', 'Room 126', 'Tuesday', '34', '08:30:00', '09:00:00', '2'),
(693, 117, 6, 'GEN_131', 'Rosario Dela Cruz', 'Room 126', 'Monday', '4', '08:30:00', '09:00:00', '2'),
(694, 117, 6, 'GEN_131', 'Rosario Dela Cruz', 'Room 126', 'Thursday', '94', '08:30:00', '09:00:00', '2'),
(695, 117, 6, 'GEN_131', 'Rosario Dela Cruz', 'Room 126', 'Saturday', '154', '08:30:00', '09:00:00', '2'),
(696, 117, 6, 'GEN_131', 'Rosario Dela Cruz', 'Room 126', 'Wednesday', '64', '08:30:00', '09:00:00', '2'),
(697, 118, 6, 'GEN_132', 'Camille Reyes', 'Room 126', 'Thursday', '95', '09:00:00', '09:30:00', '2'),
(698, 118, 6, 'GEN_132', 'Camille Reyes', 'Room 126', 'Wednesday', '65', '09:00:00', '09:30:00', '2'),
(699, 118, 6, 'GEN_132', 'Camille Reyes', 'Room 126', 'Monday', '5', '09:00:00', '09:30:00', '2'),
(700, 118, 6, 'GEN_132', 'Camille Reyes', 'Room 126', 'Friday', '125', '09:00:00', '09:30:00', '2'),
(701, 118, 6, 'GEN_132', 'Camille Reyes', 'Room 126', 'Tuesday', '35', '09:00:00', '09:30:00', '2'),
(702, 118, 6, 'GEN_132', 'Camille Reyes', 'Room 126', 'Saturday', '155', '09:00:00', '09:30:00', '2'),
(703, 119, 6, 'STEM_106', 'Daniel Fernandez', 'General Science Lab 4', 'Monday', '10', '11:30:00', '12:00:00', '1'),
(704, 119, 6, 'STEM_106', 'Daniel Fernandez', 'General Science Lab 4', 'Thursday', '100', '11:30:00', '12:00:00', '1'),
(705, 119, 6, 'STEM_106', 'Daniel Fernandez', 'General Science Lab 4', 'Saturday', '160', '11:30:00', '12:00:00', '1'),
(706, 119, 6, 'STEM_106', 'Daniel Fernandez', 'General Science Lab 4', 'Tuesday', '40', '11:30:00', '12:00:00', '1'),
(707, 119, 6, 'STEM_106', 'Daniel Fernandez', 'General Science Lab 4', 'Wednesday', '70', '11:30:00', '12:00:00', '1'),
(708, 119, 6, 'STEM_106', 'Daniel Fernandez', 'General Science Lab 4', 'Friday', '130', '11:30:00', '12:00:00', '1'),
(709, 120, 6, 'STEM_107', 'Carla Ramirez', 'Chemistry Lab 2', 'Wednesday', '73', '13:00:00', '13:30:00', '1'),
(710, 120, 6, 'STEM_107', 'Carla Ramirez', 'Chemistry Lab 2', 'Monday', '13', '13:00:00', '13:30:00', '1'),
(711, 120, 6, 'STEM_107', 'Carla Ramirez', 'Chemistry Lab 2', 'Friday', '133', '13:00:00', '13:30:00', '1'),
(712, 120, 6, 'STEM_107', 'Carla Ramirez', 'Chemistry Lab 2', 'Thursday', '103', '13:00:00', '13:30:00', '1'),
(713, 120, 6, 'STEM_107', 'Carla Ramirez', 'Chemistry Lab 2', 'Saturday', '163', '13:00:00', '13:30:00', '1'),
(714, 120, 6, 'STEM_107', 'Carla Ramirez', 'Chemistry Lab 2', 'Tuesday', '43', '13:00:00', '13:30:00', '1'),
(715, 121, 6, 'STEM_108', 'Eduardo Guzman', 'General Science Lab 5', 'Friday', '127', '10:00:00', '10:30:00', '2'),
(716, 121, 6, 'STEM_108', 'Eduardo Guzman', 'General Science Lab 5', 'Monday', '7', '10:00:00', '10:30:00', '2'),
(717, 121, 6, 'STEM_108', 'Eduardo Guzman', 'General Science Lab 5', 'Thursday', '97', '10:00:00', '10:30:00', '2'),
(718, 121, 6, 'STEM_108', 'Eduardo Guzman', 'General Science Lab 5', 'Saturday', '157', '10:00:00', '10:30:00', '2'),
(719, 121, 6, 'STEM_108', 'Eduardo Guzman', 'General Science Lab 5', 'Wednesday', '67', '10:00:00', '10:30:00', '2'),
(720, 121, 6, 'STEM_108', 'Eduardo Guzman', 'General Science Lab 5', 'Tuesday', '37', '10:00:00', '10:30:00', '2'),
(721, 122, 6, 'STEM_109', 'Angela Lopez', 'Chemistry Lab 2', 'Friday', '128', '10:30:00', '11:00:00', '2'),
(722, 122, 6, 'STEM_109', 'Angela Lopez', 'Chemistry Lab 2', 'Saturday', '158', '10:30:00', '11:00:00', '2'),
(723, 122, 6, 'STEM_109', 'Angela Lopez', 'Chemistry Lab 2', 'Monday', '8', '10:30:00', '11:00:00', '2'),
(724, 122, 6, 'STEM_109', 'Angela Lopez', 'Chemistry Lab 2', 'Tuesday', '38', '10:30:00', '11:00:00', '2'),
(725, 122, 6, 'STEM_109', 'Angela Lopez', 'Chemistry Lab 2', 'Thursday', '98', '10:30:00', '11:00:00', '2'),
(726, 122, 6, 'STEM_109', 'Angela Lopez', 'Chemistry Lab 2', 'Wednesday', '68', '10:30:00', '11:00:00', '2'),
(727, 123, 6, 'STEM_110', 'Francis Torres', 'Room 112', 'Thursday', '99', '11:00:00', '11:30:00', '2'),
(728, 123, 6, 'STEM_110', 'Francis Torres', 'Room 112', 'Wednesday', '69', '11:00:00', '11:30:00', '2'),
(729, 123, 6, 'STEM_110', 'Francis Torres', 'Room 112', 'Tuesday', '39', '11:00:00', '11:30:00', '2'),
(730, 123, 6, 'STEM_110', 'Francis Torres', 'Room 112', 'Saturday', '159', '11:00:00', '11:30:00', '2'),
(731, 123, 6, 'STEM_110', 'Francis Torres', 'Room 112', 'Monday', '9', '11:00:00', '11:30:00', '2'),
(732, 123, 6, 'STEM_110', 'Francis Torres', 'Room 112', 'Friday', '129', '11:00:00', '11:30:00', '2');

-- --------------------------------------------------------

--
-- Table structure for table `sections`
--

DROP TABLE IF EXISTS `sections`;
CREATE TABLE IF NOT EXISTS `sections` (
  `section_id` int NOT NULL AUTO_INCREMENT,
  `program` varchar(100) CHARACTER SET utf8mb4 COLLATE utf8mb4_general_ci DEFAULT NULL,
  `year_level` int DEFAULT NULL,
  `section_name` varchar(100) COLLATE utf8mb4_general_ci DEFAULT NULL,
  `num_students` int DEFAULT NULL,
  `advisor_first_name` varchar(255) COLLATE utf8mb4_general_ci DEFAULT NULL,
  `advisor_last_name` varchar(255) COLLATE utf8mb4_general_ci DEFAULT NULL,
  PRIMARY KEY (`section_id`)
) ENGINE=InnoDB AUTO_INCREMENT=7 DEFAULT CHARSET=utf8mb4 COLLATE=utf8mb4_general_ci;

--
-- Dumping data for table `sections`
--

INSERT INTO `sections` (`section_id`, `program`, `year_level`, `section_name`, `num_students`, `advisor_first_name`, `advisor_last_name`) VALUES
(1, 'ABM', 11, 'ABM 11-A', 35, 'Maria', 'Santos'),
(2, 'ABM', 12, 'ABM 12-A', 30, 'Juan', 'Cruz'),
(3, 'HUMSS', 11, 'HUMSS 11-A', 33, 'Elena', 'Reyes'),
(4, 'HUMSS', 12, 'HUMSS 12-A', 32, 'Carlos', 'Torres'),
(5, 'STEM', 11, 'STEM 11-A', 40, 'Ana', 'Dela Cruz'),
(6, 'STEM', 12, 'STEM 12-A', 38, 'Pedro', 'Gonzalez');

-- --------------------------------------------------------

--
-- Table structure for table `student`
--

DROP TABLE IF EXISTS `student`;
CREATE TABLE IF NOT EXISTS `student` (
  `student_id` int NOT NULL AUTO_INCREMENT,
  `school_aide_id` varchar(20) CHARACTER SET utf8mb4 COLLATE utf8mb4_general_ci NOT NULL,
  `last_name` varchar(50) CHARACTER SET utf8mb4 COLLATE utf8mb4_general_ci NOT NULL,
  `first_name` varchar(50) CHARACTER SET utf8mb4 COLLATE utf8mb4_general_ci NOT NULL,
  `rfid` varchar(20) CHARACTER SET utf8mb4 COLLATE utf8mb4_general_ci NOT NULL,
  `section_id` int DEFAULT NULL,
  PRIMARY KEY (`student_id`),
  KEY `fk_student_section` (`section_id`)
) ENGINE=InnoDB DEFAULT CHARSET=utf8mb4 COLLATE=utf8mb4_general_ci;

-- --------------------------------------------------------

--
-- Table structure for table `subjects`
--

DROP TABLE IF EXISTS `subjects`;
CREATE TABLE IF NOT EXISTS `subjects` (
  `subject_id` int NOT NULL AUTO_INCREMENT,
  `subject_code` varchar(20) COLLATE utf8mb4_general_ci DEFAULT NULL,
  `subject_name` varchar(255) CHARACTER SET utf8mb4 COLLATE utf8mb4_general_ci DEFAULT NULL,
  `year_level` int DEFAULT NULL,
  `program` varchar(255) CHARACTER SET utf8mb4 COLLATE utf8mb4_general_ci DEFAULT NULL,
  `semester` int NOT NULL,
  `minutes_per_week` int DEFAULT NULL,
  `max_daily_mins` varchar(50) COLLATE utf8mb4_general_ci DEFAULT NULL,
  `subject_type` varchar(50) CHARACTER SET utf8mb4 COLLATE utf8mb4_general_ci DEFAULT NULL,
  PRIMARY KEY (`subject_id`)
) ENGINE=InnoDB AUTO_INCREMENT=60 DEFAULT CHARSET=utf8mb4 COLLATE=utf8mb4_general_ci;

--
-- Dumping data for table `subjects`
--

INSERT INTO `subjects` (`subject_id`, `subject_code`, `subject_name`, `year_level`, `program`, `semester`, `minutes_per_week`, `max_daily_mins`, `subject_type`) VALUES
(1, 'GEN_101', 'Faith in the Light of the Epistles of Paul 1', 11, 'General', 1, 180, '90', 'LEC'),
(2, 'GEN_102', 'Oral Communication', 11, 'General', 1, 180, '90', 'SPEECH LAB'),
(3, 'GEN_103', 'Komunikasyon at Pananaliksik sa Wika at Kulturang Filipino', 11, 'General', 1, 180, '90', 'LEC'),
(4, 'GEN_104', 'General Mathematics', 11, 'General', 1, 180, '90', 'LEC'),
(5, 'GEN_105', 'Earth and Life Science', 11, 'General', 1, 180, '90', 'SCIENCE LAB'),
(6, 'GEN_106', '21st Century Literature from the Philippines and the World', 11, 'General', 1, 180, '90', 'LEC'),
(7, 'GEN_107', 'Physical Education and Health 1', 11, 'General', 1, 180, '90', 'LEC'),
(8, 'GEN_108', 'Empowerment Technologies', 11, 'General', 1, 180, '90', 'COMPUTER LAB'),
(9, 'GEN_109', 'Practical Research 1', 11, 'General', 1, 180, '90', 'LEC'),
(10, 'GEN_110', 'Robotics 11', 11, 'General', 1, 180, '90', 'ENGINEERING LAB'),
(11, 'GEN_111', 'Faith in the Light of the Epistles of Paul 2', 11, 'General', 2, 180, '90', 'LEC'),
(12, 'GEN_112', 'Practical Research 2', 11, 'General', 2, 180, '90', 'LEC'),
(13, 'GEN_113', 'Reading and Writing Skills', 11, 'General', 2, 180, '90', 'SPEECH LAB'),
(14, 'GEN_114', 'Pagbasa at Pagsusuri ng Ibat ibang Teksto Tungo sa Pananaliksik', 11, 'General', 2, 180, '90', 'LEC'),
(15, 'GEN_115', 'Statistics and Probability', 11, 'General', 2, 180, '90', 'LEC'),
(16, 'GEN_116', 'Physical Science', 11, 'General', 2, 180, '90', 'SCIENCE LAB'),
(17, 'GEN_117', 'Personal Development', 11, 'General', 2, 180, '90', 'PSYCHOLOGY LAB'),
(18, 'GEN_118', 'Physical Education and Health 2', 11, 'General', 2, 180, '90', 'LEC'),
(19, 'GEN_119', 'English for Academic and Professional Purposes', 11, 'General', 2, 180, '90', 'SPEECH LAB'),
(20, 'GEN_120', 'Contemporary Philippine Arts from the Regions', 12, 'General', 1, 180, '90', 'LEC'),
(21, 'GEN_121', 'Understanding Culture, Society, and Politics', 12, 'General', 1, 180, '90', 'LEC'),
(22, 'GEN_122', 'Physical Education and Health 3', 12, 'General', 1, 180, '90', 'LEC'),
(23, 'GEN_123', 'Entrepreneurship', 12, 'General', 1, 180, '90', 'LEC'),
(24, 'GEN_124', 'Inquiries, Investigations, and Immersion', 12, 'General', 1, 180, '90', 'LEC'),
(25, 'GEN_125', 'Theology of the Body', 12, 'General', 1, 180, '90', 'LEC'),
(26, 'GEN_126', 'Introduction to Philosophy of the Human Person', 12, 'General', 1, 180, '90', 'LEC'),
(27, 'GEN_127', 'Robotics 12', 12, 'General', 1, 180, '90', 'ENGINEERING LAB'),
(28, 'GEN_128', 'Catholic Social Teaching', 12, 'General', 2, 180, '90', 'LEC'),
(29, 'GEN_129', 'Media and Information Literacy', 12, 'General', 2, 180, '90', 'COMPUTER LAB'),
(30, 'GEN_130', 'Physical Education and Health 4', 12, 'General', 2, 180, '90', 'LEC'),
(31, 'GEN_131', 'Pagsulat sa Filipino sa Piling Larangan (Akademik)', 12, 'General', 2, 180, '90', 'LEC'),
(32, 'GEN_132', 'Inquiries, Investigations and Immersion (2nd Semester)', 12, 'General', 2, 180, '90', 'LEC'),
(33, 'ABM_101', 'Organization and Management', 11, 'ABM', 1, 180, '90', 'LEC'),
(34, 'ABM_102', 'Business Math', 11, 'ABM', 1, 180, '90', 'LEC'),
(35, 'ABM_103', 'Fundamentals of Accountancy, Business and Management 1', 11, 'ABM', 2, 180, '90', 'LEC'),
(36, 'ABM_104', 'Principles of Marketing', 11, 'ABM', 2, 180, '90', 'LEC'),
(37, 'ABM_105', 'Applied Economics', 12, 'ABM', 1, 180, '90', 'LEC'),
(38, 'ABM_106', 'Fundamentals of Accountancy, Business and Management 2', 12, 'ABM', 1, 180, '90', 'LEC'),
(39, 'ABM_107', 'Business Finance', 12, 'ABM', 2, 180, '90', 'LEC'),
(40, 'ABM_108', 'Business Ethics and Social Responsibility', 12, 'ABM', 2, 180, '90', 'LEC'),
(41, 'HUMSS_101', 'Philippine Politics and Governance', 11, 'HUMSS', 1, 180, '90', 'LEC'),
(42, 'HUMSS_102', 'Discipline and Ideas in Social Sciences', 11, 'HUMSS', 1, 180, '90', 'LEC'),
(43, 'HUMSS_103', 'Intro to World Religions and Belief System', 11, 'HUMSS', 2, 180, '90', 'LEC'),
(44, 'HUMSS_104', 'Discipline and Ideas in Applied Social Science', 11, 'HUMSS', 2, 180, '90', 'LEC'),
(45, 'HUMSS_105', 'Community Engagement, Solidarity, and Citizenship', 12, 'HUMSS', 1, 180, '90', 'LEC'),
(46, 'HUMSS_106', 'Creative Writing', 12, 'HUMSS', 1, 180, '90', 'LEC'),
(47, 'HUMSS_107', 'Trends, Networks, and Critical Thinking in the 21st Century Culture', 12, 'HUMSS', 2, 180, '90', 'LEC'),
(48, 'HUMSS_108', 'Creative Non-Fiction', 12, 'HUMSS', 2, 180, '90', 'LEC'),
(49, 'HUMSS_109', 'Work Immersion/Culminating Activity', 12, 'HUMSS', 2, 180, '90', 'LEC'),
(50, 'STEM_101', 'Pre-Calculus', 11, 'STEM', 1, 180, '90', 'LEC'),
(51, 'STEM_102', 'General Biology 1', 11, 'STEM', 1, 180, '90', 'BIOLOGY LAB'),
(52, 'STEM_103', 'Basic Calculus', 11, 'STEM', 2, 180, '90', 'LEC'),
(53, 'STEM_104', 'General Biology 2', 11, 'STEM', 2, 180, '90', 'BIOLOGY LAB'),
(54, 'STEM_105', 'Disaster Readiness and Risk Reduction (DRRR)', 11, 'STEM', 2, 180, '90', 'LEC'),
(55, 'STEM_106', 'General Physics 1', 12, 'STEM', 1, 180, '90', 'SCIENCE LAB'),
(56, 'STEM_107', 'General Chemistry 1', 12, 'STEM', 1, 180, '90', 'CHEMISTRY LAB'),
(57, 'STEM_108', 'General Physics 2', 12, 'STEM', 2, 180, '90', 'SCIENCE LAB'),
(58, 'STEM_109', 'General Chemistry 2', 12, 'STEM', 2, 180, '90', 'CHEMISTRY LAB'),
(59, 'STEM_110', 'Work Immersion/Capstone Project', 12, 'STEM', 2, 180, '90', 'LEC');

-- --------------------------------------------------------

--
-- Table structure for table `teachers`
--

DROP TABLE IF EXISTS `teachers`;
CREATE TABLE IF NOT EXISTS `teachers` (
  `id` int NOT NULL AUTO_INCREMENT,
  `teacher_id` varchar(10) CHARACTER SET utf8mb4 COLLATE utf8mb4_general_ci NOT NULL,
  `teacher_first_name` varchar(100) CHARACTER SET utf8mb4 COLLATE utf8mb4_general_ci DEFAULT NULL,
  `teacher_last_name` varchar(100) CHARACTER SET utf8mb4 COLLATE utf8mb4_general_ci NOT NULL,
  `subject_name` varchar(255) CHARACTER SET utf8mb4 COLLATE utf8mb4_general_ci DEFAULT NULL,
  `teacher_type` varchar(20) CHARACTER SET utf8mb4 COLLATE utf8mb4_general_ci NOT NULL,
  PRIMARY KEY (`id`),
  KEY `fk_teacher_subject` (`subject_name`)
) ENGINE=InnoDB AUTO_INCREMENT=136 DEFAULT CHARSET=utf8mb4 COLLATE=utf8mb4_general_ci;

--
-- Dumping data for table `teachers`
--

INSERT INTO `teachers` (`id`, `teacher_id`, `teacher_first_name`, `teacher_last_name`, `subject_name`, `teacher_type`) VALUES
(1, 'T001', 'Maria', 'Santos', 'Organization and Management', 'Full-Time'),
(2, 'T001', 'Maria', 'Santos', 'Business Ethics and Social Responsibility', 'Full-Time'),
(3, 'T002', 'Juan', 'Cruz', 'Philippine Politics and Governance', 'Full-Time'),
(4, 'T002', 'Juan', 'Cruz', 'Creative Writing', 'Full-Time'),
(5, 'T003', 'Elena', 'Reyes', 'Pre-Calculus', 'Full-Time'),
(6, 'T003', 'Elena', 'Reyes', 'Basic Calculus', 'Full-Time'),
(7, 'T004', 'Carlos', 'Torres', 'Oral Communication', 'Full-Time'),
(8, 'T004', 'Carlos', 'Torres', 'English for Academic and Professional Purposes', 'Full-Time'),
(9, 'T005', 'Ana', 'Dela Cruz', 'General Mathematics', 'Full-Time'),
(10, 'T005', 'Ana', 'Dela Cruz', 'Statistics and Probability', 'Full-Time'),
(11, 'T006', 'Pedro', 'Gonzalez', 'Earth and Life Science', 'Full-Time'),
(12, 'T006', 'Pedro', 'Gonzalez', 'Physical Science', 'Full-Time'),
(13, 'T007', 'Mark', 'Villanueva', 'Faith in the Light of the Epistles of Paul 1', 'Full-Time'),
(16, 'T008', 'Luz', 'Fernandez', 'Business Math', 'Full-Time'),
(17, 'T009', 'Jose', 'Garcia', 'Komunikasyon at Pananaliksik sa Wika at Kulturang Filipino', 'Full-Time'),
(20, 'T010', 'Sofia', 'Mendoza', '21st Century Literature from the Philippines and the World', 'Full-Time'),
(21, 'T011', 'Daniel', 'Ramos', 'Physical Education and Health 1', 'Full-Time'),
(22, 'T012', 'Ricardo', 'Cabrera', 'Empowerment Technologies', 'Full-Time'),
(23, 'T013', 'Carmen', 'Santiago', 'Practical Research 1', 'Full-Time'),
(24, 'T014', 'Emilio', 'Tan', 'Robotics 11', 'Full-Time'),
(25, 'T015', 'Michael', 'Domingo', 'Faith in the Light of the Epistles of Paul 2', 'Full-Time'),
(26, 'T016', 'Carla', 'Reyes', 'Fundamentals of Accountancy, Business and Management 1', 'Full-Time'),
(27, 'T017', 'Eduardo', 'Lopez', 'Principles of Marketing', 'Full-Time'),
(28, 'T018', 'Nathan', 'Cruz', 'Physical Education and Health 2', 'Full-Time'),
(29, 'T019', 'Angela', 'Morales', 'Practical Research 2', 'Full-Time'),
(30, 'T020', 'Felipe', 'Ramirez', 'Reading and Writing Skills', 'Full-Time'),
(31, 'T021', 'Marites', 'Santos', 'Pagbasa at Pagsusuri ng Ibat ibang Teksto Tungo sa Pananaliksik', 'Full-Time'),
(32, 'T022', 'Diana', 'Gutierrez', 'Statistics and Probability', 'Full-Time'),
(33, 'T023', 'Carlos', 'Diaz', 'Physical Science', 'Full-Time'),
(34, 'T024', 'Julia', 'Fernandez', 'Personal Development', 'Full-Time'),
(35, 'T025', 'Samuel', 'Martinez', 'English for Academic and Professional Purposes', 'Full-Time'),
(36, 'T026', 'Ricardo', 'Gonzalez', 'Applied Economics', 'Full-Time'),
(37, 'T027', 'Beatrice', 'Santos', 'Fundamentals of Accountancy, Business and Management 2', 'Full-Time'),
(38, 'T028', 'Jonathan', 'Rivera', 'Contemporary Philippine Arts from the Regions', 'Full-Time'),
(39, 'T029', 'Melissa', 'Navarro', 'Understanding Culture, Society, and Politics', 'Full-Time'),
(40, 'T030', 'Daniel', 'Torres', 'Physical Education and Health 3', 'Full-Time'),
(41, 'T031', 'Sophia', 'Castro', 'Entrepreneurship', 'Full-Time'),
(42, 'T032', 'Antonio', 'Velasquez', 'Inquiries, Investigations, and Immersion', 'Full-Time'),
(43, 'T033', 'Teresa', 'Reyes', 'Theology of the Body', 'Full-Time'),
(44, 'T034', 'Christian', 'Mendoza', 'Introduction to Philosophy of the Human Person', 'Full-Time'),
(45, 'T035', 'Marvin', 'Dela Cruz', 'Business Finance', 'Full-Time'),
(46, 'T036', 'Patricia', 'Alvarez', 'Business Ethics and Social Responsibility', 'Full-Time'),
(47, 'T037', 'Eduardo', 'Fernandez', 'Work Immersion/Business Enterprise Simulation', 'Full-Time'),
(48, 'T038', 'Angela', 'Gutierrez', 'Catholic Social Teaching', 'Full-Time'),
(49, 'T039', 'Francis', 'Ortega', 'Media and Information Literacy', 'Full-Time'),
(50, 'T040', 'Gabriel', 'Santiago', 'Physical Education and Health 4', 'Full-Time'),
(51, 'T041', 'Josefina', 'Ramos', 'Pagsulat sa Filipino sa Piling Larangan (Akademik)', 'Full-Time'),
(52, 'T042', 'Albert', 'Domingo', 'Robotics 12', 'Full-Time'),
(53, 'T043', 'Camille', 'Reyes', 'Inquiries, Investigations and Immersion (2nd Semester)', 'Full-Time'),
(54, 'T044', 'Catherine', 'Villanueva', 'Oral Communication', 'Full-Time'),
(55, 'T045', 'Ricardo', 'Manalo', 'Komunikasyon at Pananaliksik sa Wika at Kulturang Filipino', 'Full-Time'),
(56, 'T046', 'Vincent', 'Lim', 'General Mathematics', 'Full-Time'),
(57, 'T047', 'Melissa', 'Soriano', 'Earth and Life Science', 'Full-Time'),
(58, 'T048', 'Samantha', 'Garcia', '21st Century Literature from the Philippines and the World', 'Full-Time'),
(59, 'T049', 'Jonathan', 'Tan', 'Physical Education and Health 1', 'Full-Time'),
(60, 'T050', 'Mark', 'Reyes', 'Empowerment Technologies', 'Full-Time'),
(61, 'T051', 'Lorena', 'Mendoza', 'Practical Research 1', 'Full-Time'),
(62, 'T052', 'Anthony', 'Salvador', 'Philippine Politics and Governance', 'Full-Time'),
(63, 'T053', 'Beatrice', 'Castillo', 'Discipline and Ideas in Social Sciences', 'Full-Time'),
(64, 'T054', 'Gregory', 'Delos Santos', 'Faith in the Light of the Epistles of Paul 1', 'Full-Time'),
(65, 'T055', 'Gregory', 'Delos Santos', 'Faith in the Light of the Epistles of Paul 2', 'Full-Time'),
(66, 'T056', 'Lorena', 'Mendoza', 'Practical Research 2', 'Full-Time'),
(67, 'T057', 'Catherine', 'Villanueva', 'Reading and Writing Skills', 'Full-Time'),
(68, 'T058', 'Ricardo', 'Manalo', 'Pagbasa at Pagsusuri ng Iba\'t ibang Teksto Tungo sa Pananaliksik', 'Full-Time'),
(69, 'T059', 'Vincent', 'Lim', 'Statistics and Probability', 'Full-Time'),
(70, 'T060', 'Melissa', 'Soriano', 'Physical Science', 'Full-Time'),
(71, 'T061', 'Beatrice', 'Castillo', 'Personal Development', 'Full-Time'),
(72, 'T062', 'Jonathan', 'Tan', 'Physical Education and Health 2', 'Full-Time'),
(73, 'T063', 'Samantha', 'Garcia', 'English for Academic and Professional Purposes', 'Full-Time'),
(74, 'T064', 'Gregory', 'Delos Santos', 'Intro to World Religions and Belief System', 'Full-Time'),
(75, 'T065', 'Anthony', 'Salvador', 'Discipline and Ideas in Applied Social Science', 'Full-Time'),
(76, 'T066', 'Andrea', 'Santos', 'Contemporary Philippine Arts from the Regions', 'Full-Time'),
(77, 'T067', 'Michael', 'Cruz', 'Understanding Culture, Society, and Politics', 'Full-Time'),
(78, 'T068', 'Jonathan', 'Tan', 'Physical Education and Health 3', 'Full-Time'),
(79, 'T069', 'Maria', 'Reyes', 'Entrepreneurship', 'Full-Time'),
(80, 'T070', 'Daniel', 'Lopez', 'Inquiries, Investigations, and Immersion', 'Full-Time'),
(81, 'T071', 'Gregory', 'Delos Santos', 'Theology of the Body', 'Full-Time'),
(82, 'T072', 'Anthony', 'Salvador', 'Introduction to Philosophy of the Human Person', 'Full-Time'),
(83, 'T073', 'Ricardo', 'Manalo', 'Community Engagement, Solidarity, and Citizenship', 'Full-Time'),
(84, 'T074', 'Catherine', 'Villanueva', 'Creative Writing', 'Full-Time'),
(85, 'T075', 'Vincent', 'Lim', 'Robotics 12', 'Full-Time'),
(86, 'T076', 'Elena', 'Ramos', 'Catholic Social Teaching', 'Full-Time'),
(87, 'T077', 'Mark', 'Fernandez', 'Media and Information Literacy', 'Full-Time'),
(88, 'T078', 'Joseph', 'Garcia', 'Physical Education and Health 4', 'Full-Time'),
(89, 'T079', 'Rosario', 'Dela Cruz', 'Pagsulat sa Filipino sa Piling Larangan (Akademik)', 'Full-Time'),
(90, 'T080', 'Bryan', 'Santos', 'Trends, Networks, and Critical Thinking in the 21st Century Culture', 'Full-Time'),
(91, 'T081', 'Jessica', 'Rivera', 'Creative Non-Fiction', 'Full-Time'),
(92, 'T082', 'Francis', 'Castillo', 'Work Immersion/Culminating Activity', 'Full-Time'),
(93, 'T083', 'Cynthia', 'Lopez', 'Inquiries, Investigations and Immersion (2nd Semester)', 'Full-Time'),
(94, 'T084', 'Maria', 'Santos', 'Faith in the Light of the Epistles of Paul 1', 'Full-Time'),
(95, 'T085', 'John', 'Reyes', 'Oral Communication', 'Full-Time'),
(96, 'T086', 'Liza', 'Gomez', 'Komunikasyon at Pananaliksik sa Wika at Kulturang Filipino', 'Full-Time'),
(97, 'T087', 'Carlos', 'Dela Cruz', 'General Mathematics', 'Full-Time'),
(98, 'T088', 'Angela', 'Fernandez', 'Earth and Life Science', 'Full-Time'),
(99, 'T089', 'Robert', 'Torres', '21st Century Literature from the Philippines and the World', 'Full-Time'),
(100, 'T090', 'Daniel', 'Garcia', 'Physical Education and Health 1', 'Full-Time'),
(101, 'T091', 'Christine', 'Lopez', 'Empowerment Technologies', 'Full-Time'),
(102, 'T092', 'Marco', 'Castillo', 'Practical Research 1', 'Full-Time'),
(103, 'T093', 'Elaine', 'Mendoza', 'Pre-Calculus', 'Full-Time'),
(104, 'T094', 'Joseph', 'Ramos', 'General Biology 1', 'Full-Time'),
(105, 'T095', 'Anthony', 'Villanueva', 'Robotics 11', 'Full-Time'),
(106, 'T096', 'Marianne', 'Cruz', 'Faith in the Light of the Epistles of Paul 2', 'Full-Time'),
(107, 'T097', 'Carlos', 'Martinez', 'Practical Research 2', 'Full-Time'),
(108, 'T098', 'Angela', 'Navarro', 'Reading and Writing Skills', 'Full-Time'),
(109, 'T099', 'Ramon', 'Villanueva', 'Pagbasa at Pagsusuri ng Iba\'t ibang Teksto Tungo sa Pananaliksik', 'Full-Time'),
(110, 'T100', 'Jessica', 'Torres', 'Statistics and Probability', 'Full-Time'),
(111, 'T101', 'Joseph', 'Santos', 'Physical Science', 'Full-Time'),
(112, 'T102', 'Michelle', 'Reyes', 'Personal Development', 'Full-Time'),
(113, 'T103', 'Daniel', 'Garcia', 'Physical Education and Health 2', 'Full-Time'),
(114, 'T104', 'Monica', 'Lopez', 'English for Academic and Professional Purposes', 'Full-Time'),
(115, 'T105', 'Raymond', 'Castillo', 'Basic Calculus', 'Full-Time'),
(116, 'T106', 'Eliza', 'Mendoza', 'General Biology 2', 'Full-Time'),
(117, 'T107', 'Anthony', 'Fernandez', 'DRRR', 'Full-Time'),
(118, 'T108', 'Leonardo', 'Cortez', 'Contemporary Philippine Arts from the Regions', 'Full-Time'),
(119, 'T109', 'Andrea', 'Santiago', 'Understanding Culture, Society, and Politics', 'Full-Time'),
(120, 'T110', 'Marco', 'Delgado', 'Physical Education and Health 3', 'Full-Time'),
(121, 'T111', 'Cynthia', 'Gomez', 'Entrepreneurship', 'Full-Time'),
(122, 'T112', 'Patrick', 'Mendoza', 'Inquiries, Investigations, and Immersion', 'Full-Time'),
(123, 'T113', 'Sister Maria', 'Reyes', 'Theology of the Body', 'Full-Time'),
(124, 'T114', 'Samuel', 'Castro', 'Introduction to Philosophy of the Human Person', 'Full-Time'),
(125, 'T115', 'Daniel', 'Fernandez', 'General Physics 1', 'Full-Time'),
(126, 'T116', 'Carla', 'Ramirez', 'General Chemistry 1', 'Full-Time'),
(127, 'T117', 'Michael', 'Santos', 'Robotics 12', 'Full-Time'),
(128, 'T118', 'Fr. Antonio', 'Valdez', 'Catholic Social Teaching', 'Full-Time'),
(129, 'T119', 'Melissa', 'Domingo', 'Media and Information Literacy', 'Full-Time'),
(130, 'T120', 'Ricardo', 'Hernandez', 'Physical Education and Health 4', 'Full-Time'),
(131, 'T121', 'Jocelyn', 'Rivera', 'Pagsulat sa Filipino sa Piling Larangan (Akademik)', 'Full-Time'),
(132, 'T122', 'Eduardo', 'Guzman', 'General Physics 2', 'Full-Time'),
(133, 'T123', 'Angela', 'Lopez', 'General Chemistry 2', 'Full-Time'),
(134, 'T124', 'Francis', 'Torres', 'Work Immersion/Capstone Project', 'Full-Time'),
(135, 'T125', 'Sophia', 'Aguilar', 'Inquiries, Investigations, and Immersion (2nd Semester)', 'Full-Time');

-- --------------------------------------------------------

--
-- Table structure for table `teacher_availability`
--

DROP TABLE IF EXISTS `teacher_availability`;
CREATE TABLE IF NOT EXISTS `teacher_availability` (
  `availability_id` int NOT NULL AUTO_INCREMENT,
  `teacher_id` int DEFAULT NULL,
  `day` varchar(255) DEFAULT NULL,
  `time_start` time DEFAULT NULL,
  `time_end` time DEFAULT NULL,
  PRIMARY KEY (`availability_id`),
  KEY `fk_teacher_id` (`teacher_id`)
) ENGINE=InnoDB AUTO_INCREMENT=676 DEFAULT CHARSET=utf8mb4 COLLATE=utf8mb4_0900_ai_ci;

--
-- Dumping data for table `teacher_availability`
--

INSERT INTO `teacher_availability` (`availability_id`, `teacher_id`, `day`, `time_start`, `time_end`) VALUES
(1, 1, 'Monday', '07:00:00', '17:00:00'),
(2, 1, 'Tuesday', '07:00:00', '17:00:00'),
(3, 1, 'Wednesday', '07:00:00', '17:00:00'),
(4, 1, 'Thursday', '07:00:00', '17:00:00'),
(5, 1, 'Friday', '07:00:00', '17:00:00'),
(6, 2, 'Monday', '07:00:00', '17:00:00'),
(7, 2, 'Tuesday', '07:00:00', '17:00:00'),
(8, 2, 'Wednesday', '07:00:00', '17:00:00'),
(9, 2, 'Thursday', '07:00:00', '17:00:00'),
(10, 2, 'Friday', '07:00:00', '17:00:00'),
(11, 3, 'Monday', '07:00:00', '17:00:00'),
(12, 3, 'Tuesday', '07:00:00', '17:00:00'),
(13, 3, 'Wednesday', '07:00:00', '17:00:00'),
(14, 3, 'Thursday', '07:00:00', '17:00:00'),
(15, 3, 'Friday', '07:00:00', '17:00:00'),
(16, 4, 'Monday', '07:00:00', '17:00:00'),
(17, 4, 'Tuesday', '07:00:00', '17:00:00'),
(18, 4, 'Wednesday', '07:00:00', '17:00:00'),
(19, 4, 'Thursday', '07:00:00', '17:00:00'),
(20, 4, 'Friday', '07:00:00', '17:00:00'),
(21, 5, 'Monday', '07:00:00', '17:00:00'),
(22, 5, 'Tuesday', '07:00:00', '17:00:00'),
(23, 5, 'Wednesday', '07:00:00', '17:00:00'),
(24, 5, 'Thursday', '07:00:00', '17:00:00'),
(25, 5, 'Friday', '07:00:00', '17:00:00'),
(26, 6, 'Monday', '07:00:00', '17:00:00'),
(27, 6, 'Tuesday', '07:00:00', '17:00:00'),
(28, 6, 'Wednesday', '07:00:00', '17:00:00'),
(29, 6, 'Thursday', '07:00:00', '17:00:00'),
(30, 6, 'Friday', '07:00:00', '17:00:00'),
(31, 7, 'Monday', '07:00:00', '17:00:00'),
(32, 7, 'Tuesday', '07:00:00', '17:00:00'),
(33, 7, 'Wednesday', '07:00:00', '17:00:00'),
(34, 7, 'Thursday', '07:00:00', '17:00:00'),
(35, 7, 'Friday', '07:00:00', '17:00:00'),
(36, 8, 'Monday', '07:00:00', '17:00:00'),
(37, 8, 'Tuesday', '07:00:00', '17:00:00'),
(38, 8, 'Wednesday', '07:00:00', '17:00:00'),
(39, 8, 'Thursday', '07:00:00', '17:00:00'),
(40, 8, 'Friday', '07:00:00', '17:00:00'),
(41, 9, 'Monday', '07:00:00', '17:00:00'),
(42, 9, 'Tuesday', '07:00:00', '17:00:00'),
(43, 9, 'Wednesday', '07:00:00', '17:00:00'),
(44, 9, 'Thursday', '07:00:00', '17:00:00'),
(45, 9, 'Friday', '07:00:00', '17:00:00'),
(46, 10, 'Monday', '07:00:00', '17:00:00'),
(47, 10, 'Tuesday', '07:00:00', '17:00:00'),
(48, 10, 'Wednesday', '07:00:00', '17:00:00'),
(49, 10, 'Thursday', '07:00:00', '17:00:00'),
(50, 10, 'Friday', '07:00:00', '17:00:00'),
(51, 11, 'Monday', '07:00:00', '17:00:00'),
(52, 11, 'Tuesday', '07:00:00', '17:00:00'),
(53, 11, 'Wednesday', '07:00:00', '17:00:00'),
(54, 11, 'Thursday', '07:00:00', '17:00:00'),
(55, 11, 'Friday', '07:00:00', '17:00:00'),
(56, 12, 'Monday', '07:00:00', '17:00:00'),
(57, 12, 'Tuesday', '07:00:00', '17:00:00'),
(58, 12, 'Wednesday', '07:00:00', '17:00:00'),
(59, 12, 'Thursday', '07:00:00', '17:00:00'),
(60, 12, 'Friday', '07:00:00', '17:00:00'),
(61, 13, 'Monday', '07:00:00', '17:00:00'),
(62, 13, 'Tuesday', '07:00:00', '17:00:00'),
(63, 13, 'Wednesday', '07:00:00', '17:00:00'),
(64, 13, 'Thursday', '07:00:00', '17:00:00'),
(65, 13, 'Friday', '07:00:00', '17:00:00'),
(76, 16, 'Monday', '07:00:00', '17:00:00'),
(77, 16, 'Tuesday', '07:00:00', '17:00:00'),
(78, 16, 'Wednesday', '07:00:00', '17:00:00'),
(79, 16, 'Thursday', '07:00:00', '17:00:00'),
(80, 16, 'Friday', '07:00:00', '17:00:00'),
(81, 17, 'Monday', '07:00:00', '17:00:00'),
(82, 17, 'Tuesday', '07:00:00', '17:00:00'),
(83, 17, 'Wednesday', '07:00:00', '17:00:00'),
(84, 17, 'Thursday', '07:00:00', '17:00:00'),
(85, 17, 'Friday', '07:00:00', '17:00:00'),
(96, 20, 'Monday', '07:00:00', '17:00:00'),
(97, 20, 'Tuesday', '07:00:00', '17:00:00'),
(98, 20, 'Wednesday', '07:00:00', '17:00:00'),
(99, 20, 'Thursday', '07:00:00', '17:00:00'),
(100, 20, 'Friday', '07:00:00', '17:00:00'),
(101, 21, 'Monday', '07:00:00', '17:00:00'),
(102, 21, 'Tuesday', '07:00:00', '17:00:00'),
(103, 21, 'Wednesday', '07:00:00', '17:00:00'),
(104, 21, 'Thursday', '07:00:00', '17:00:00'),
(105, 21, 'Friday', '07:00:00', '17:00:00'),
(106, 22, 'Monday', '07:00:00', '17:00:00'),
(107, 22, 'Tuesday', '07:00:00', '17:00:00'),
(108, 22, 'Wednesday', '07:00:00', '17:00:00'),
(109, 22, 'Thursday', '07:00:00', '17:00:00'),
(110, 22, 'Friday', '07:00:00', '17:00:00'),
(111, 23, 'Monday', '07:00:00', '17:00:00'),
(112, 23, 'Tuesday', '07:00:00', '17:00:00'),
(113, 23, 'Wednesday', '07:00:00', '17:00:00'),
(114, 23, 'Thursday', '07:00:00', '17:00:00'),
(115, 23, 'Friday', '07:00:00', '17:00:00'),
(116, 24, 'Monday', '07:00:00', '17:00:00'),
(117, 24, 'Tuesday', '07:00:00', '17:00:00'),
(118, 24, 'Wednesday', '07:00:00', '17:00:00'),
(119, 24, 'Thursday', '07:00:00', '17:00:00'),
(120, 24, 'Friday', '07:00:00', '17:00:00'),
(121, 25, 'Monday', '07:00:00', '17:00:00'),
(122, 25, 'Tuesday', '07:00:00', '17:00:00'),
(123, 25, 'Wednesday', '07:00:00', '17:00:00'),
(124, 25, 'Thursday', '07:00:00', '17:00:00'),
(125, 25, 'Friday', '07:00:00', '17:00:00'),
(126, 26, 'Monday', '07:00:00', '17:00:00'),
(127, 26, 'Tuesday', '07:00:00', '17:00:00'),
(128, 26, 'Wednesday', '07:00:00', '17:00:00'),
(129, 26, 'Thursday', '07:00:00', '17:00:00'),
(130, 26, 'Friday', '07:00:00', '17:00:00'),
(131, 27, 'Monday', '07:00:00', '17:00:00'),
(132, 27, 'Tuesday', '07:00:00', '17:00:00'),
(133, 27, 'Wednesday', '07:00:00', '17:00:00'),
(134, 27, 'Thursday', '07:00:00', '17:00:00'),
(135, 27, 'Friday', '07:00:00', '17:00:00'),
(136, 28, 'Monday', '07:00:00', '17:00:00'),
(137, 28, 'Tuesday', '07:00:00', '17:00:00'),
(138, 28, 'Wednesday', '07:00:00', '17:00:00'),
(139, 28, 'Thursday', '07:00:00', '17:00:00'),
(140, 28, 'Friday', '07:00:00', '17:00:00'),
(141, 29, 'Monday', '07:00:00', '17:00:00'),
(142, 29, 'Tuesday', '07:00:00', '17:00:00'),
(143, 29, 'Wednesday', '07:00:00', '17:00:00'),
(144, 29, 'Thursday', '07:00:00', '17:00:00'),
(145, 29, 'Friday', '07:00:00', '17:00:00'),
(146, 30, 'Monday', '07:00:00', '17:00:00'),
(147, 30, 'Tuesday', '07:00:00', '17:00:00'),
(148, 30, 'Wednesday', '07:00:00', '17:00:00'),
(149, 30, 'Thursday', '07:00:00', '17:00:00'),
(150, 30, 'Friday', '07:00:00', '17:00:00'),
(151, 31, 'Monday', '07:00:00', '17:00:00'),
(152, 31, 'Tuesday', '07:00:00', '17:00:00'),
(153, 31, 'Wednesday', '07:00:00', '17:00:00'),
(154, 31, 'Thursday', '07:00:00', '17:00:00'),
(155, 31, 'Friday', '07:00:00', '17:00:00'),
(156, 32, 'Monday', '07:00:00', '17:00:00'),
(157, 32, 'Tuesday', '07:00:00', '17:00:00'),
(158, 32, 'Wednesday', '07:00:00', '17:00:00'),
(159, 32, 'Thursday', '07:00:00', '17:00:00'),
(160, 32, 'Friday', '07:00:00', '17:00:00'),
(161, 33, 'Monday', '07:00:00', '17:00:00'),
(162, 33, 'Tuesday', '07:00:00', '17:00:00'),
(163, 33, 'Wednesday', '07:00:00', '17:00:00'),
(164, 33, 'Thursday', '07:00:00', '17:00:00'),
(165, 33, 'Friday', '07:00:00', '17:00:00'),
(166, 34, 'Monday', '07:00:00', '17:00:00'),
(167, 34, 'Tuesday', '07:00:00', '17:00:00'),
(168, 34, 'Wednesday', '07:00:00', '17:00:00'),
(169, 34, 'Thursday', '07:00:00', '17:00:00'),
(170, 34, 'Friday', '07:00:00', '17:00:00'),
(171, 35, 'Monday', '07:00:00', '17:00:00'),
(172, 35, 'Tuesday', '07:00:00', '17:00:00'),
(173, 35, 'Wednesday', '07:00:00', '17:00:00'),
(174, 35, 'Thursday', '07:00:00', '17:00:00'),
(175, 35, 'Friday', '07:00:00', '17:00:00'),
(176, 36, 'Monday', '07:00:00', '17:00:00'),
(177, 36, 'Tuesday', '07:00:00', '17:00:00'),
(178, 36, 'Wednesday', '07:00:00', '17:00:00'),
(179, 36, 'Thursday', '07:00:00', '17:00:00'),
(180, 36, 'Friday', '07:00:00', '17:00:00'),
(181, 37, 'Monday', '07:00:00', '17:00:00'),
(182, 37, 'Tuesday', '07:00:00', '17:00:00'),
(183, 37, 'Wednesday', '07:00:00', '17:00:00'),
(184, 37, 'Thursday', '07:00:00', '17:00:00'),
(185, 37, 'Friday', '07:00:00', '17:00:00'),
(186, 38, 'Monday', '07:00:00', '17:00:00'),
(187, 38, 'Tuesday', '07:00:00', '17:00:00'),
(188, 38, 'Wednesday', '07:00:00', '17:00:00'),
(189, 38, 'Thursday', '07:00:00', '17:00:00'),
(190, 38, 'Friday', '07:00:00', '17:00:00'),
(191, 39, 'Monday', '07:00:00', '17:00:00'),
(192, 39, 'Tuesday', '07:00:00', '17:00:00'),
(193, 39, 'Wednesday', '07:00:00', '17:00:00'),
(194, 39, 'Thursday', '07:00:00', '17:00:00'),
(195, 39, 'Friday', '07:00:00', '17:00:00'),
(196, 40, 'Monday', '07:00:00', '17:00:00'),
(197, 40, 'Tuesday', '07:00:00', '17:00:00'),
(198, 40, 'Wednesday', '07:00:00', '17:00:00'),
(199, 40, 'Thursday', '07:00:00', '17:00:00'),
(200, 40, 'Friday', '07:00:00', '17:00:00'),
(201, 41, 'Monday', '07:00:00', '17:00:00'),
(202, 41, 'Tuesday', '07:00:00', '17:00:00'),
(203, 41, 'Wednesday', '07:00:00', '17:00:00'),
(204, 41, 'Thursday', '07:00:00', '17:00:00'),
(205, 41, 'Friday', '07:00:00', '17:00:00'),
(206, 42, 'Monday', '07:00:00', '17:00:00'),
(207, 42, 'Tuesday', '07:00:00', '17:00:00'),
(208, 42, 'Wednesday', '07:00:00', '17:00:00'),
(209, 42, 'Thursday', '07:00:00', '17:00:00'),
(210, 42, 'Friday', '07:00:00', '17:00:00'),
(211, 43, 'Monday', '07:00:00', '17:00:00'),
(212, 43, 'Tuesday', '07:00:00', '17:00:00'),
(213, 43, 'Wednesday', '07:00:00', '17:00:00'),
(214, 43, 'Thursday', '07:00:00', '17:00:00'),
(215, 43, 'Friday', '07:00:00', '17:00:00'),
(216, 44, 'Monday', '07:00:00', '17:00:00'),
(217, 44, 'Tuesday', '07:00:00', '17:00:00'),
(218, 44, 'Wednesday', '07:00:00', '17:00:00'),
(219, 44, 'Thursday', '07:00:00', '17:00:00'),
(220, 44, 'Friday', '07:00:00', '17:00:00'),
(221, 45, 'Monday', '07:00:00', '17:00:00'),
(222, 45, 'Tuesday', '07:00:00', '17:00:00'),
(223, 45, 'Wednesday', '07:00:00', '17:00:00'),
(224, 45, 'Thursday', '07:00:00', '17:00:00'),
(225, 45, 'Friday', '07:00:00', '17:00:00'),
(226, 46, 'Monday', '07:00:00', '17:00:00'),
(227, 46, 'Tuesday', '07:00:00', '17:00:00'),
(228, 46, 'Wednesday', '07:00:00', '17:00:00'),
(229, 46, 'Thursday', '07:00:00', '17:00:00'),
(230, 46, 'Friday', '07:00:00', '17:00:00'),
(231, 47, 'Monday', '07:00:00', '17:00:00'),
(232, 47, 'Tuesday', '07:00:00', '17:00:00'),
(233, 47, 'Wednesday', '07:00:00', '17:00:00'),
(234, 47, 'Thursday', '07:00:00', '17:00:00'),
(235, 47, 'Friday', '07:00:00', '17:00:00'),
(236, 48, 'Monday', '07:00:00', '17:00:00'),
(237, 48, 'Tuesday', '07:00:00', '17:00:00'),
(238, 48, 'Wednesday', '07:00:00', '17:00:00'),
(239, 48, 'Thursday', '07:00:00', '17:00:00'),
(240, 48, 'Friday', '07:00:00', '17:00:00'),
(241, 49, 'Monday', '07:00:00', '17:00:00'),
(242, 49, 'Tuesday', '07:00:00', '17:00:00'),
(243, 49, 'Wednesday', '07:00:00', '17:00:00'),
(244, 49, 'Thursday', '07:00:00', '17:00:00'),
(245, 49, 'Friday', '07:00:00', '17:00:00'),
(246, 50, 'Monday', '07:00:00', '17:00:00'),
(247, 50, 'Tuesday', '07:00:00', '17:00:00'),
(248, 50, 'Wednesday', '07:00:00', '17:00:00'),
(249, 50, 'Thursday', '07:00:00', '17:00:00'),
(250, 50, 'Friday', '07:00:00', '17:00:00'),
(251, 51, 'Monday', '07:00:00', '17:00:00'),
(252, 51, 'Tuesday', '07:00:00', '17:00:00'),
(253, 51, 'Wednesday', '07:00:00', '17:00:00'),
(254, 51, 'Thursday', '07:00:00', '17:00:00'),
(255, 51, 'Friday', '07:00:00', '17:00:00'),
(256, 52, 'Monday', '07:00:00', '17:00:00'),
(257, 52, 'Tuesday', '07:00:00', '17:00:00'),
(258, 52, 'Wednesday', '07:00:00', '17:00:00'),
(259, 52, 'Thursday', '07:00:00', '17:00:00'),
(260, 52, 'Friday', '07:00:00', '17:00:00'),
(261, 53, 'Monday', '07:00:00', '17:00:00'),
(262, 53, 'Tuesday', '07:00:00', '17:00:00'),
(263, 53, 'Wednesday', '07:00:00', '17:00:00'),
(264, 53, 'Thursday', '07:00:00', '17:00:00'),
(265, 53, 'Friday', '07:00:00', '17:00:00'),
(266, 54, 'Monday', '07:00:00', '17:00:00'),
(267, 54, 'Tuesday', '07:00:00', '17:00:00'),
(268, 54, 'Wednesday', '07:00:00', '17:00:00'),
(269, 54, 'Thursday', '07:00:00', '17:00:00'),
(270, 54, 'Friday', '07:00:00', '17:00:00'),
(271, 55, 'Monday', '07:00:00', '17:00:00'),
(272, 55, 'Tuesday', '07:00:00', '17:00:00'),
(273, 55, 'Wednesday', '07:00:00', '17:00:00'),
(274, 55, 'Thursday', '07:00:00', '17:00:00'),
(275, 55, 'Friday', '07:00:00', '17:00:00'),
(276, 56, 'Monday', '07:00:00', '17:00:00'),
(277, 56, 'Tuesday', '07:00:00', '17:00:00'),
(278, 56, 'Wednesday', '07:00:00', '17:00:00'),
(279, 56, 'Thursday', '07:00:00', '17:00:00'),
(280, 56, 'Friday', '07:00:00', '17:00:00'),
(281, 57, 'Monday', '07:00:00', '17:00:00'),
(282, 57, 'Tuesday', '07:00:00', '17:00:00'),
(283, 57, 'Wednesday', '07:00:00', '17:00:00'),
(284, 57, 'Thursday', '07:00:00', '17:00:00'),
(285, 57, 'Friday', '07:00:00', '17:00:00'),
(286, 58, 'Monday', '07:00:00', '17:00:00'),
(287, 58, 'Tuesday', '07:00:00', '17:00:00'),
(288, 58, 'Wednesday', '07:00:00', '17:00:00'),
(289, 58, 'Thursday', '07:00:00', '17:00:00'),
(290, 58, 'Friday', '07:00:00', '17:00:00'),
(291, 59, 'Monday', '07:00:00', '17:00:00'),
(292, 59, 'Tuesday', '07:00:00', '17:00:00'),
(293, 59, 'Wednesday', '07:00:00', '17:00:00'),
(294, 59, 'Thursday', '07:00:00', '17:00:00'),
(295, 59, 'Friday', '07:00:00', '17:00:00'),
(296, 60, 'Monday', '07:00:00', '17:00:00'),
(297, 60, 'Tuesday', '07:00:00', '17:00:00'),
(298, 60, 'Wednesday', '07:00:00', '17:00:00'),
(299, 60, 'Thursday', '07:00:00', '17:00:00'),
(300, 60, 'Friday', '07:00:00', '17:00:00'),
(301, 61, 'Monday', '07:00:00', '17:00:00'),
(302, 61, 'Tuesday', '07:00:00', '17:00:00'),
(303, 61, 'Wednesday', '07:00:00', '17:00:00'),
(304, 61, 'Thursday', '07:00:00', '17:00:00'),
(305, 61, 'Friday', '07:00:00', '17:00:00'),
(306, 62, 'Monday', '07:00:00', '17:00:00'),
(307, 62, 'Tuesday', '07:00:00', '17:00:00'),
(308, 62, 'Wednesday', '07:00:00', '17:00:00'),
(309, 62, 'Thursday', '07:00:00', '17:00:00'),
(310, 62, 'Friday', '07:00:00', '17:00:00'),
(311, 63, 'Monday', '07:00:00', '17:00:00'),
(312, 63, 'Tuesday', '07:00:00', '17:00:00'),
(313, 63, 'Wednesday', '07:00:00', '17:00:00'),
(314, 63, 'Thursday', '07:00:00', '17:00:00'),
(315, 63, 'Friday', '07:00:00', '17:00:00'),
(316, 64, 'Monday', '07:00:00', '17:00:00'),
(317, 64, 'Tuesday', '07:00:00', '17:00:00'),
(318, 64, 'Wednesday', '07:00:00', '17:00:00'),
(319, 64, 'Thursday', '07:00:00', '17:00:00'),
(320, 64, 'Friday', '07:00:00', '17:00:00'),
(321, 65, 'Monday', '07:00:00', '17:00:00'),
(322, 65, 'Tuesday', '07:00:00', '17:00:00'),
(323, 65, 'Wednesday', '07:00:00', '17:00:00'),
(324, 65, 'Thursday', '07:00:00', '17:00:00'),
(325, 65, 'Friday', '07:00:00', '17:00:00'),
(326, 66, 'Monday', '07:00:00', '17:00:00'),
(327, 66, 'Tuesday', '07:00:00', '17:00:00'),
(328, 66, 'Wednesday', '07:00:00', '17:00:00'),
(329, 66, 'Thursday', '07:00:00', '17:00:00'),
(330, 66, 'Friday', '07:00:00', '17:00:00'),
(331, 67, 'Monday', '07:00:00', '17:00:00'),
(332, 67, 'Tuesday', '07:00:00', '17:00:00'),
(333, 67, 'Wednesday', '07:00:00', '17:00:00'),
(334, 67, 'Thursday', '07:00:00', '17:00:00'),
(335, 67, 'Friday', '07:00:00', '17:00:00'),
(336, 68, 'Monday', '07:00:00', '17:00:00'),
(337, 68, 'Tuesday', '07:00:00', '17:00:00'),
(338, 68, 'Wednesday', '07:00:00', '17:00:00'),
(339, 68, 'Thursday', '07:00:00', '17:00:00'),
(340, 68, 'Friday', '07:00:00', '17:00:00'),
(341, 69, 'Monday', '07:00:00', '17:00:00'),
(342, 69, 'Tuesday', '07:00:00', '17:00:00'),
(343, 69, 'Wednesday', '07:00:00', '17:00:00'),
(344, 69, 'Thursday', '07:00:00', '17:00:00'),
(345, 69, 'Friday', '07:00:00', '17:00:00'),
(346, 70, 'Monday', '07:00:00', '17:00:00'),
(347, 70, 'Tuesday', '07:00:00', '17:00:00'),
(348, 70, 'Wednesday', '07:00:00', '17:00:00'),
(349, 70, 'Thursday', '07:00:00', '17:00:00'),
(350, 70, 'Friday', '07:00:00', '17:00:00'),
(351, 71, 'Monday', '07:00:00', '17:00:00'),
(352, 71, 'Tuesday', '07:00:00', '17:00:00'),
(353, 71, 'Wednesday', '07:00:00', '17:00:00'),
(354, 71, 'Thursday', '07:00:00', '17:00:00'),
(355, 71, 'Friday', '07:00:00', '17:00:00'),
(356, 72, 'Monday', '07:00:00', '17:00:00'),
(357, 72, 'Tuesday', '07:00:00', '17:00:00'),
(358, 72, 'Wednesday', '07:00:00', '17:00:00'),
(359, 72, 'Thursday', '07:00:00', '17:00:00'),
(360, 72, 'Friday', '07:00:00', '17:00:00'),
(361, 73, 'Monday', '07:00:00', '17:00:00'),
(362, 73, 'Tuesday', '07:00:00', '17:00:00'),
(363, 73, 'Wednesday', '07:00:00', '17:00:00'),
(364, 73, 'Thursday', '07:00:00', '17:00:00'),
(365, 73, 'Friday', '07:00:00', '17:00:00'),
(366, 74, 'Monday', '07:00:00', '17:00:00'),
(367, 74, 'Tuesday', '07:00:00', '17:00:00'),
(368, 74, 'Wednesday', '07:00:00', '17:00:00'),
(369, 74, 'Thursday', '07:00:00', '17:00:00'),
(370, 74, 'Friday', '07:00:00', '17:00:00'),
(371, 75, 'Monday', '07:00:00', '17:00:00'),
(372, 75, 'Tuesday', '07:00:00', '17:00:00'),
(373, 75, 'Wednesday', '07:00:00', '17:00:00'),
(374, 75, 'Thursday', '07:00:00', '17:00:00'),
(375, 75, 'Friday', '07:00:00', '17:00:00'),
(376, 76, 'Monday', '07:00:00', '17:00:00'),
(377, 76, 'Tuesday', '07:00:00', '17:00:00'),
(378, 76, 'Wednesday', '07:00:00', '17:00:00'),
(379, 76, 'Thursday', '07:00:00', '17:00:00'),
(380, 76, 'Friday', '07:00:00', '17:00:00'),
(381, 77, 'Monday', '07:00:00', '17:00:00'),
(382, 77, 'Tuesday', '07:00:00', '17:00:00'),
(383, 77, 'Wednesday', '07:00:00', '17:00:00'),
(384, 77, 'Thursday', '07:00:00', '17:00:00'),
(385, 77, 'Friday', '07:00:00', '17:00:00'),
(386, 78, 'Monday', '07:00:00', '17:00:00'),
(387, 78, 'Tuesday', '07:00:00', '17:00:00'),
(388, 78, 'Wednesday', '07:00:00', '17:00:00'),
(389, 78, 'Thursday', '07:00:00', '17:00:00'),
(390, 78, 'Friday', '07:00:00', '17:00:00'),
(391, 79, 'Monday', '07:00:00', '17:00:00'),
(392, 79, 'Tuesday', '07:00:00', '17:00:00'),
(393, 79, 'Wednesday', '07:00:00', '17:00:00'),
(394, 79, 'Thursday', '07:00:00', '17:00:00'),
(395, 79, 'Friday', '07:00:00', '17:00:00'),
(396, 80, 'Monday', '07:00:00', '17:00:00'),
(397, 80, 'Tuesday', '07:00:00', '17:00:00'),
(398, 80, 'Wednesday', '07:00:00', '17:00:00'),
(399, 80, 'Thursday', '07:00:00', '17:00:00'),
(400, 80, 'Friday', '07:00:00', '17:00:00'),
(401, 81, 'Monday', '07:00:00', '17:00:00'),
(402, 81, 'Tuesday', '07:00:00', '17:00:00'),
(403, 81, 'Wednesday', '07:00:00', '17:00:00'),
(404, 81, 'Thursday', '07:00:00', '17:00:00'),
(405, 81, 'Friday', '07:00:00', '17:00:00'),
(406, 82, 'Monday', '07:00:00', '17:00:00'),
(407, 82, 'Tuesday', '07:00:00', '17:00:00'),
(408, 82, 'Wednesday', '07:00:00', '17:00:00'),
(409, 82, 'Thursday', '07:00:00', '17:00:00'),
(410, 82, 'Friday', '07:00:00', '17:00:00'),
(411, 83, 'Monday', '07:00:00', '17:00:00'),
(412, 83, 'Tuesday', '07:00:00', '17:00:00'),
(413, 83, 'Wednesday', '07:00:00', '17:00:00'),
(414, 83, 'Thursday', '07:00:00', '17:00:00'),
(415, 83, 'Friday', '07:00:00', '17:00:00'),
(416, 84, 'Monday', '07:00:00', '17:00:00'),
(417, 84, 'Tuesday', '07:00:00', '17:00:00'),
(418, 84, 'Wednesday', '07:00:00', '17:00:00'),
(419, 84, 'Thursday', '07:00:00', '17:00:00'),
(420, 84, 'Friday', '07:00:00', '17:00:00'),
(421, 85, 'Monday', '07:00:00', '17:00:00'),
(422, 85, 'Tuesday', '07:00:00', '17:00:00'),
(423, 85, 'Wednesday', '07:00:00', '17:00:00'),
(424, 85, 'Thursday', '07:00:00', '17:00:00'),
(425, 85, 'Friday', '07:00:00', '17:00:00'),
(426, 86, 'Monday', '07:00:00', '17:00:00'),
(427, 86, 'Tuesday', '07:00:00', '17:00:00'),
(428, 86, 'Wednesday', '07:00:00', '17:00:00'),
(429, 86, 'Thursday', '07:00:00', '17:00:00'),
(430, 86, 'Friday', '07:00:00', '17:00:00'),
(431, 87, 'Monday', '07:00:00', '17:00:00'),
(432, 87, 'Tuesday', '07:00:00', '17:00:00'),
(433, 87, 'Wednesday', '07:00:00', '17:00:00'),
(434, 87, 'Thursday', '07:00:00', '17:00:00'),
(435, 87, 'Friday', '07:00:00', '17:00:00'),
(436, 88, 'Monday', '07:00:00', '17:00:00'),
(437, 88, 'Tuesday', '07:00:00', '17:00:00'),
(438, 88, 'Wednesday', '07:00:00', '17:00:00'),
(439, 88, 'Thursday', '07:00:00', '17:00:00'),
(440, 88, 'Friday', '07:00:00', '17:00:00'),
(441, 89, 'Monday', '07:00:00', '17:00:00'),
(442, 89, 'Tuesday', '07:00:00', '17:00:00'),
(443, 89, 'Wednesday', '07:00:00', '17:00:00'),
(444, 89, 'Thursday', '07:00:00', '17:00:00'),
(445, 89, 'Friday', '07:00:00', '17:00:00'),
(446, 90, 'Monday', '07:00:00', '17:00:00'),
(447, 90, 'Tuesday', '07:00:00', '17:00:00'),
(448, 90, 'Wednesday', '07:00:00', '17:00:00'),
(449, 90, 'Thursday', '07:00:00', '17:00:00'),
(450, 90, 'Friday', '07:00:00', '17:00:00'),
(451, 91, 'Monday', '07:00:00', '17:00:00'),
(452, 91, 'Tuesday', '07:00:00', '17:00:00'),
(453, 91, 'Wednesday', '07:00:00', '17:00:00'),
(454, 91, 'Thursday', '07:00:00', '17:00:00'),
(455, 91, 'Friday', '07:00:00', '17:00:00'),
(456, 92, 'Monday', '07:00:00', '17:00:00'),
(457, 92, 'Tuesday', '07:00:00', '17:00:00'),
(458, 92, 'Wednesday', '07:00:00', '17:00:00'),
(459, 92, 'Thursday', '07:00:00', '17:00:00'),
(460, 92, 'Friday', '07:00:00', '17:00:00'),
(461, 93, 'Monday', '07:00:00', '17:00:00'),
(462, 93, 'Tuesday', '07:00:00', '17:00:00'),
(463, 93, 'Wednesday', '07:00:00', '17:00:00'),
(464, 93, 'Thursday', '07:00:00', '17:00:00'),
(465, 93, 'Friday', '07:00:00', '17:00:00'),
(466, 94, 'Monday', '07:00:00', '17:00:00'),
(467, 94, 'Tuesday', '07:00:00', '17:00:00'),
(468, 94, 'Wednesday', '07:00:00', '17:00:00'),
(469, 94, 'Thursday', '07:00:00', '17:00:00'),
(470, 94, 'Friday', '07:00:00', '17:00:00'),
(471, 95, 'Monday', '07:00:00', '17:00:00'),
(472, 95, 'Tuesday', '07:00:00', '17:00:00'),
(473, 95, 'Wednesday', '07:00:00', '17:00:00'),
(474, 95, 'Thursday', '07:00:00', '17:00:00'),
(475, 95, 'Friday', '07:00:00', '17:00:00'),
(476, 96, 'Monday', '07:00:00', '17:00:00'),
(477, 96, 'Tuesday', '07:00:00', '17:00:00'),
(478, 96, 'Wednesday', '07:00:00', '17:00:00'),
(479, 96, 'Thursday', '07:00:00', '17:00:00'),
(480, 96, 'Friday', '07:00:00', '17:00:00'),
(481, 97, 'Monday', '07:00:00', '17:00:00'),
(482, 97, 'Tuesday', '07:00:00', '17:00:00'),
(483, 97, 'Wednesday', '07:00:00', '17:00:00'),
(484, 97, 'Thursday', '07:00:00', '17:00:00'),
(485, 97, 'Friday', '07:00:00', '17:00:00'),
(486, 98, 'Monday', '07:00:00', '17:00:00'),
(487, 98, 'Tuesday', '07:00:00', '17:00:00'),
(488, 98, 'Wednesday', '07:00:00', '17:00:00'),
(489, 98, 'Thursday', '07:00:00', '17:00:00'),
(490, 98, 'Friday', '07:00:00', '17:00:00'),
(491, 99, 'Monday', '07:00:00', '17:00:00'),
(492, 99, 'Tuesday', '07:00:00', '17:00:00'),
(493, 99, 'Wednesday', '07:00:00', '17:00:00'),
(494, 99, 'Thursday', '07:00:00', '17:00:00'),
(495, 99, 'Friday', '07:00:00', '17:00:00'),
(496, 100, 'Monday', '07:00:00', '17:00:00'),
(497, 100, 'Tuesday', '07:00:00', '17:00:00'),
(498, 100, 'Wednesday', '07:00:00', '17:00:00'),
(499, 100, 'Thursday', '07:00:00', '17:00:00'),
(500, 100, 'Friday', '07:00:00', '17:00:00'),
(501, 101, 'Monday', '07:00:00', '17:00:00'),
(502, 101, 'Tuesday', '07:00:00', '17:00:00'),
(503, 101, 'Wednesday', '07:00:00', '17:00:00'),
(504, 101, 'Thursday', '07:00:00', '17:00:00'),
(505, 101, 'Friday', '07:00:00', '17:00:00'),
(506, 102, 'Monday', '07:00:00', '17:00:00'),
(507, 102, 'Tuesday', '07:00:00', '17:00:00'),
(508, 102, 'Wednesday', '07:00:00', '17:00:00'),
(509, 102, 'Thursday', '07:00:00', '17:00:00'),
(510, 102, 'Friday', '07:00:00', '17:00:00'),
(511, 103, 'Monday', '07:00:00', '17:00:00'),
(512, 103, 'Tuesday', '07:00:00', '17:00:00'),
(513, 103, 'Wednesday', '07:00:00', '17:00:00'),
(514, 103, 'Thursday', '07:00:00', '17:00:00'),
(515, 103, 'Friday', '07:00:00', '17:00:00'),
(516, 104, 'Monday', '07:00:00', '17:00:00'),
(517, 104, 'Tuesday', '07:00:00', '17:00:00'),
(518, 104, 'Wednesday', '07:00:00', '17:00:00'),
(519, 104, 'Thursday', '07:00:00', '17:00:00'),
(520, 104, 'Friday', '07:00:00', '17:00:00'),
(521, 105, 'Monday', '07:00:00', '17:00:00'),
(522, 105, 'Tuesday', '07:00:00', '17:00:00'),
(523, 105, 'Wednesday', '07:00:00', '17:00:00'),
(524, 105, 'Thursday', '07:00:00', '17:00:00'),
(525, 105, 'Friday', '07:00:00', '17:00:00'),
(526, 106, 'Monday', '07:00:00', '17:00:00'),
(527, 106, 'Tuesday', '07:00:00', '17:00:00'),
(528, 106, 'Wednesday', '07:00:00', '17:00:00'),
(529, 106, 'Thursday', '07:00:00', '17:00:00'),
(530, 106, 'Friday', '07:00:00', '17:00:00'),
(531, 107, 'Monday', '07:00:00', '17:00:00'),
(532, 107, 'Tuesday', '07:00:00', '17:00:00'),
(533, 107, 'Wednesday', '07:00:00', '17:00:00'),
(534, 107, 'Thursday', '07:00:00', '17:00:00'),
(535, 107, 'Friday', '07:00:00', '17:00:00'),
(536, 108, 'Monday', '07:00:00', '17:00:00'),
(537, 108, 'Tuesday', '07:00:00', '17:00:00'),
(538, 108, 'Wednesday', '07:00:00', '17:00:00'),
(539, 108, 'Thursday', '07:00:00', '17:00:00'),
(540, 108, 'Friday', '07:00:00', '17:00:00'),
(541, 109, 'Monday', '07:00:00', '17:00:00'),
(542, 109, 'Tuesday', '07:00:00', '17:00:00'),
(543, 109, 'Wednesday', '07:00:00', '17:00:00'),
(544, 109, 'Thursday', '07:00:00', '17:00:00'),
(545, 109, 'Friday', '07:00:00', '17:00:00'),
(546, 110, 'Monday', '07:00:00', '17:00:00'),
(547, 110, 'Tuesday', '07:00:00', '17:00:00'),
(548, 110, 'Wednesday', '07:00:00', '17:00:00'),
(549, 110, 'Thursday', '07:00:00', '17:00:00'),
(550, 110, 'Friday', '07:00:00', '17:00:00'),
(551, 111, 'Monday', '07:00:00', '17:00:00'),
(552, 111, 'Tuesday', '07:00:00', '17:00:00'),
(553, 111, 'Wednesday', '07:00:00', '17:00:00'),
(554, 111, 'Thursday', '07:00:00', '17:00:00'),
(555, 111, 'Friday', '07:00:00', '17:00:00'),
(556, 112, 'Monday', '07:00:00', '17:00:00'),
(557, 112, 'Tuesday', '07:00:00', '17:00:00'),
(558, 112, 'Wednesday', '07:00:00', '17:00:00'),
(559, 112, 'Thursday', '07:00:00', '17:00:00'),
(560, 112, 'Friday', '07:00:00', '17:00:00'),
(561, 113, 'Monday', '07:00:00', '17:00:00'),
(562, 113, 'Tuesday', '07:00:00', '17:00:00'),
(563, 113, 'Wednesday', '07:00:00', '17:00:00'),
(564, 113, 'Thursday', '07:00:00', '17:00:00'),
(565, 113, 'Friday', '07:00:00', '17:00:00'),
(566, 114, 'Monday', '07:00:00', '17:00:00'),
(567, 114, 'Tuesday', '07:00:00', '17:00:00'),
(568, 114, 'Wednesday', '07:00:00', '17:00:00'),
(569, 114, 'Thursday', '07:00:00', '17:00:00'),
(570, 114, 'Friday', '07:00:00', '17:00:00'),
(571, 115, 'Monday', '07:00:00', '17:00:00'),
(572, 115, 'Tuesday', '07:00:00', '17:00:00'),
(573, 115, 'Wednesday', '07:00:00', '17:00:00'),
(574, 115, 'Thursday', '07:00:00', '17:00:00'),
(575, 115, 'Friday', '07:00:00', '17:00:00'),
(576, 116, 'Monday', '07:00:00', '17:00:00'),
(577, 116, 'Tuesday', '07:00:00', '17:00:00'),
(578, 116, 'Wednesday', '07:00:00', '17:00:00'),
(579, 116, 'Thursday', '07:00:00', '17:00:00'),
(580, 116, 'Friday', '07:00:00', '17:00:00'),
(581, 117, 'Monday', '07:00:00', '17:00:00'),
(582, 117, 'Tuesday', '07:00:00', '17:00:00'),
(583, 117, 'Wednesday', '07:00:00', '17:00:00'),
(584, 117, 'Thursday', '07:00:00', '17:00:00'),
(585, 117, 'Friday', '07:00:00', '17:00:00'),
(586, 118, 'Monday', '07:00:00', '17:00:00'),
(587, 118, 'Tuesday', '07:00:00', '17:00:00'),
(588, 118, 'Wednesday', '07:00:00', '17:00:00'),
(589, 118, 'Thursday', '07:00:00', '17:00:00'),
(590, 118, 'Friday', '07:00:00', '17:00:00'),
(591, 119, 'Monday', '07:00:00', '17:00:00'),
(592, 119, 'Tuesday', '07:00:00', '17:00:00'),
(593, 119, 'Wednesday', '07:00:00', '17:00:00'),
(594, 119, 'Thursday', '07:00:00', '17:00:00'),
(595, 119, 'Friday', '07:00:00', '17:00:00'),
(596, 120, 'Monday', '07:00:00', '17:00:00'),
(597, 120, 'Tuesday', '07:00:00', '17:00:00'),
(598, 120, 'Wednesday', '07:00:00', '17:00:00'),
(599, 120, 'Thursday', '07:00:00', '17:00:00'),
(600, 120, 'Friday', '07:00:00', '17:00:00'),
(601, 121, 'Monday', '07:00:00', '17:00:00'),
(602, 121, 'Tuesday', '07:00:00', '17:00:00'),
(603, 121, 'Wednesday', '07:00:00', '17:00:00'),
(604, 121, 'Thursday', '07:00:00', '17:00:00'),
(605, 121, 'Friday', '07:00:00', '17:00:00'),
(606, 122, 'Monday', '07:00:00', '17:00:00'),
(607, 122, 'Tuesday', '07:00:00', '17:00:00'),
(608, 122, 'Wednesday', '07:00:00', '17:00:00'),
(609, 122, 'Thursday', '07:00:00', '17:00:00'),
(610, 122, 'Friday', '07:00:00', '17:00:00'),
(611, 123, 'Monday', '07:00:00', '17:00:00'),
(612, 123, 'Tuesday', '07:00:00', '17:00:00'),
(613, 123, 'Wednesday', '07:00:00', '17:00:00'),
(614, 123, 'Thursday', '07:00:00', '17:00:00'),
(615, 123, 'Friday', '07:00:00', '17:00:00'),
(616, 124, 'Monday', '07:00:00', '17:00:00'),
(617, 124, 'Tuesday', '07:00:00', '17:00:00'),
(618, 124, 'Wednesday', '07:00:00', '17:00:00'),
(619, 124, 'Thursday', '07:00:00', '17:00:00'),
(620, 124, 'Friday', '07:00:00', '17:00:00'),
(621, 125, 'Monday', '07:00:00', '17:00:00'),
(622, 125, 'Tuesday', '07:00:00', '17:00:00'),
(623, 125, 'Wednesday', '07:00:00', '17:00:00'),
(624, 125, 'Thursday', '07:00:00', '17:00:00'),
(625, 125, 'Friday', '07:00:00', '17:00:00'),
(626, 126, 'Monday', '07:00:00', '17:00:00'),
(627, 126, 'Tuesday', '07:00:00', '17:00:00'),
(628, 126, 'Wednesday', '07:00:00', '17:00:00'),
(629, 126, 'Thursday', '07:00:00', '17:00:00'),
(630, 126, 'Friday', '07:00:00', '17:00:00'),
(631, 127, 'Monday', '07:00:00', '17:00:00'),
(632, 127, 'Tuesday', '07:00:00', '17:00:00'),
(633, 127, 'Wednesday', '07:00:00', '17:00:00'),
(634, 127, 'Thursday', '07:00:00', '17:00:00'),
(635, 127, 'Friday', '07:00:00', '17:00:00'),
(636, 128, 'Monday', '07:00:00', '17:00:00'),
(637, 128, 'Tuesday', '07:00:00', '17:00:00'),
(638, 128, 'Wednesday', '07:00:00', '17:00:00'),
(639, 128, 'Thursday', '07:00:00', '17:00:00'),
(640, 128, 'Friday', '07:00:00', '17:00:00'),
(641, 129, 'Monday', '07:00:00', '17:00:00'),
(642, 129, 'Tuesday', '07:00:00', '17:00:00'),
(643, 129, 'Wednesday', '07:00:00', '17:00:00'),
(644, 129, 'Thursday', '07:00:00', '17:00:00'),
(645, 129, 'Friday', '07:00:00', '17:00:00'),
(646, 130, 'Monday', '07:00:00', '17:00:00'),
(647, 130, 'Tuesday', '07:00:00', '17:00:00'),
(648, 130, 'Wednesday', '07:00:00', '17:00:00'),
(649, 130, 'Thursday', '07:00:00', '17:00:00'),
(650, 130, 'Friday', '07:00:00', '17:00:00'),
(651, 131, 'Monday', '07:00:00', '17:00:00'),
(652, 131, 'Tuesday', '07:00:00', '17:00:00'),
(653, 131, 'Wednesday', '07:00:00', '17:00:00'),
(654, 131, 'Thursday', '07:00:00', '17:00:00'),
(655, 131, 'Friday', '07:00:00', '17:00:00'),
(656, 132, 'Monday', '07:00:00', '17:00:00'),
(657, 132, 'Tuesday', '07:00:00', '17:00:00'),
(658, 132, 'Wednesday', '07:00:00', '17:00:00'),
(659, 132, 'Thursday', '07:00:00', '17:00:00'),
(660, 132, 'Friday', '07:00:00', '17:00:00'),
(661, 133, 'Monday', '07:00:00', '17:00:00'),
(662, 133, 'Tuesday', '07:00:00', '17:00:00'),
(663, 133, 'Wednesday', '07:00:00', '17:00:00'),
(664, 133, 'Thursday', '07:00:00', '17:00:00'),
(665, 133, 'Friday', '07:00:00', '17:00:00'),
(666, 134, 'Monday', '07:00:00', '17:00:00'),
(667, 134, 'Tuesday', '07:00:00', '17:00:00'),
(668, 134, 'Wednesday', '07:00:00', '17:00:00'),
(669, 134, 'Thursday', '07:00:00', '17:00:00'),
(670, 134, 'Friday', '07:00:00', '17:00:00'),
(671, 135, 'Monday', '07:00:00', '17:00:00'),
(672, 135, 'Tuesday', '07:00:00', '17:00:00'),
(673, 135, 'Wednesday', '07:00:00', '17:00:00'),
(674, 135, 'Thursday', '07:00:00', '17:00:00'),
(675, 135, 'Friday', '07:00:00', '17:00:00');

-- --------------------------------------------------------

--
-- Table structure for table `time_slots`
--

DROP TABLE IF EXISTS `time_slots`;
CREATE TABLE IF NOT EXISTS `time_slots` (
  `time_slot_id` int NOT NULL AUTO_INCREMENT,
  `day` varchar(10) CHARACTER SET utf8mb4 COLLATE utf8mb4_general_ci DEFAULT NULL,
  `start_time` time DEFAULT NULL,
  `end_time` time DEFAULT NULL,
  `minutes` int DEFAULT NULL,
  PRIMARY KEY (`time_slot_id`)
) ENGINE=InnoDB AUTO_INCREMENT=637 DEFAULT CHARSET=utf8mb4 COLLATE=utf8mb4_general_ci;

--
-- Dumping data for table `time_slots`
--

INSERT INTO `time_slots` (`time_slot_id`, `day`, `start_time`, `end_time`, `minutes`) VALUES
(1, 'Monday', '07:00:00', '07:30:00', 30),
(2, 'Monday', '07:30:00', '08:00:00', 30),
(3, 'Monday', '08:00:00', '08:30:00', 30),
(4, 'Monday', '08:30:00', '09:00:00', 30),
(5, 'Monday', '09:00:00', '09:30:00', 30),
(6, 'Monday', '09:30:00', '10:00:00', 30),
(7, 'Monday', '10:00:00', '10:30:00', 30),
(8, 'Monday', '10:30:00', '11:00:00', 30),
(9, 'Monday', '11:00:00', '11:30:00', 30),
(10, 'Monday', '11:30:00', '12:00:00', 30),
(11, 'Monday', '12:00:00', '12:30:00', 30),
(12, 'Monday', '12:30:00', '13:00:00', 30),
(13, 'Monday', '13:00:00', '13:30:00', 30),
(14, 'Monday', '13:30:00', '14:00:00', 30),
(15, 'Monday', '14:00:00', '14:30:00', 30),
(16, 'Monday', '14:30:00', '15:00:00', 30),
(17, 'Monday', '15:00:00', '15:30:00', 30),
(18, 'Monday', '15:30:00', '16:00:00', 30),
(19, 'Monday', '16:00:00', '16:30:00', 30),
(20, 'Monday', '16:30:00', '17:00:00', 30),
(21, 'Monday', '17:00:00', '17:30:00', 30),
(22, 'Monday', '17:30:00', '18:00:00', 30),
(23, 'Monday', '18:00:00', '18:30:00', 30),
(24, 'Monday', '18:30:00', '19:00:00', 30),
(25, 'Monday', '19:00:00', '19:30:00', 30),
(26, 'Monday', '19:30:00', '20:00:00', 30),
(27, 'Monday', '20:00:00', '20:30:00', 30),
(28, 'Monday', '20:30:00', '21:00:00', 30),
(29, 'Monday', '21:00:00', '21:30:00', 30),
(30, 'Monday', '21:30:00', '22:00:00', 30),
(31, 'Tuesday', '07:00:00', '07:30:00', 30),
(32, 'Tuesday', '07:30:00', '08:00:00', 30),
(33, 'Tuesday', '08:00:00', '08:30:00', 30),
(34, 'Tuesday', '08:30:00', '09:00:00', 30),
(35, 'Tuesday', '09:00:00', '09:30:00', 30),
(36, 'Tuesday', '09:30:00', '10:00:00', 30),
(37, 'Tuesday', '10:00:00', '10:30:00', 30),
(38, 'Tuesday', '10:30:00', '11:00:00', 30),
(39, 'Tuesday', '11:00:00', '11:30:00', 30),
(40, 'Tuesday', '11:30:00', '12:00:00', 30),
(41, 'Tuesday', '12:00:00', '12:30:00', 30),
(42, 'Tuesday', '12:30:00', '13:00:00', 30),
(43, 'Tuesday', '13:00:00', '13:30:00', 30),
(44, 'Tuesday', '13:30:00', '14:00:00', 30),
(45, 'Tuesday', '14:00:00', '14:30:00', 30),
(46, 'Tuesday', '14:30:00', '15:00:00', 30),
(47, 'Tuesday', '15:00:00', '15:30:00', 30),
(48, 'Tuesday', '15:30:00', '16:00:00', 30),
(49, 'Tuesday', '16:00:00', '16:30:00', 30),
(50, 'Tuesday', '16:30:00', '17:00:00', 30),
(51, 'Tuesday', '17:00:00', '17:30:00', 30),
(52, 'Tuesday', '17:30:00', '18:00:00', 30),
(53, 'Tuesday', '18:00:00', '18:30:00', 30),
(54, 'Tuesday', '18:30:00', '19:00:00', 30),
(55, 'Tuesday', '19:00:00', '19:30:00', 30),
(56, 'Tuesday', '19:30:00', '20:00:00', 30),
(57, 'Tuesday', '20:00:00', '20:30:00', 30),
(58, 'Tuesday', '20:30:00', '21:00:00', 30),
(59, 'Tuesday', '21:00:00', '21:30:00', 30),
(60, 'Tuesday', '21:30:00', '22:00:00', 30),
(61, 'Wednesday', '07:00:00', '07:30:00', 30),
(62, 'Wednesday', '07:30:00', '08:00:00', 30),
(63, 'Wednesday', '08:00:00', '08:30:00', 30),
(64, 'Wednesday', '08:30:00', '09:00:00', 30),
(65, 'Wednesday', '09:00:00', '09:30:00', 30),
(66, 'Wednesday', '09:30:00', '10:00:00', 30),
(67, 'Wednesday', '10:00:00', '10:30:00', 30),
(68, 'Wednesday', '10:30:00', '11:00:00', 30),
(69, 'Wednesday', '11:00:00', '11:30:00', 30),
(70, 'Wednesday', '11:30:00', '12:00:00', 30),
(71, 'Wednesday', '12:00:00', '12:30:00', 30),
(72, 'Wednesday', '12:30:00', '13:00:00', 30),
(73, 'Wednesday', '13:00:00', '13:30:00', 30),
(74, 'Wednesday', '13:30:00', '14:00:00', 30),
(75, 'Wednesday', '14:00:00', '14:30:00', 30),
(76, 'Wednesday', '14:30:00', '15:00:00', 30),
(77, 'Wednesday', '15:00:00', '15:30:00', 30),
(78, 'Wednesday', '15:30:00', '16:00:00', 30),
(79, 'Wednesday', '16:00:00', '16:30:00', 30),
(80, 'Wednesday', '16:30:00', '17:00:00', 30),
(81, 'Wednesday', '17:00:00', '17:30:00', 30),
(82, 'Wednesday', '17:30:00', '18:00:00', 30),
(83, 'Wednesday', '18:00:00', '18:30:00', 30),
(84, 'Wednesday', '18:30:00', '19:00:00', 30),
(85, 'Wednesday', '19:00:00', '19:30:00', 30),
(86, 'Wednesday', '19:30:00', '20:00:00', 30),
(87, 'Wednesday', '20:00:00', '20:30:00', 30),
(88, 'Wednesday', '20:30:00', '21:00:00', 30),
(89, 'Wednesday', '21:00:00', '21:30:00', 30),
(90, 'Wednesday', '21:30:00', '22:00:00', 30),
(91, 'Thursday', '07:00:00', '07:30:00', 30),
(92, 'Thursday', '07:30:00', '08:00:00', 30),
(93, 'Thursday', '08:00:00', '08:30:00', 30),
(94, 'Thursday', '08:30:00', '09:00:00', 30),
(95, 'Thursday', '09:00:00', '09:30:00', 30),
(96, 'Thursday', '09:30:00', '10:00:00', 30),
(97, 'Thursday', '10:00:00', '10:30:00', 30),
(98, 'Thursday', '10:30:00', '11:00:00', 30),
(99, 'Thursday', '11:00:00', '11:30:00', 30),
(100, 'Thursday', '11:30:00', '12:00:00', 30),
(101, 'Thursday', '12:00:00', '12:30:00', 30),
(102, 'Thursday', '12:30:00', '13:00:00', 30),
(103, 'Thursday', '13:00:00', '13:30:00', 30),
(104, 'Thursday', '13:30:00', '14:00:00', 30),
(105, 'Thursday', '14:00:00', '14:30:00', 30),
(106, 'Thursday', '14:30:00', '15:00:00', 30),
(107, 'Thursday', '15:00:00', '15:30:00', 30),
(108, 'Thursday', '15:30:00', '16:00:00', 30),
(109, 'Thursday', '16:00:00', '16:30:00', 30),
(110, 'Thursday', '16:30:00', '17:00:00', 30),
(111, 'Thursday', '17:00:00', '17:30:00', 30),
(112, 'Thursday', '17:30:00', '18:00:00', 30),
(113, 'Thursday', '18:00:00', '18:30:00', 30),
(114, 'Thursday', '18:30:00', '19:00:00', 30),
(115, 'Thursday', '19:00:00', '19:30:00', 30),
(116, 'Thursday', '19:30:00', '20:00:00', 30),
(117, 'Thursday', '20:00:00', '20:30:00', 30),
(118, 'Thursday', '20:30:00', '21:00:00', 30),
(119, 'Thursday', '21:00:00', '21:30:00', 30),
(120, 'Thursday', '21:30:00', '22:00:00', 30),
(121, 'Friday', '07:00:00', '07:30:00', 30),
(122, 'Friday', '07:30:00', '08:00:00', 30),
(123, 'Friday', '08:00:00', '08:30:00', 30),
(124, 'Friday', '08:30:00', '09:00:00', 30),
(125, 'Friday', '09:00:00', '09:30:00', 30),
(126, 'Friday', '09:30:00', '10:00:00', 30),
(127, 'Friday', '10:00:00', '10:30:00', 30),
(128, 'Friday', '10:30:00', '11:00:00', 30),
(129, 'Friday', '11:00:00', '11:30:00', 30),
(130, 'Friday', '11:30:00', '12:00:00', 30),
(131, 'Friday', '12:00:00', '12:30:00', 30),
(132, 'Friday', '12:30:00', '13:00:00', 30),
(133, 'Friday', '13:00:00', '13:30:00', 30),
(134, 'Friday', '13:30:00', '14:00:00', 30),
(135, 'Friday', '14:00:00', '14:30:00', 30),
(136, 'Friday', '14:30:00', '15:00:00', 30),
(137, 'Friday', '15:00:00', '15:30:00', 30),
(138, 'Friday', '15:30:00', '16:00:00', 30),
(139, 'Friday', '16:00:00', '16:30:00', 30),
(140, 'Friday', '16:30:00', '17:00:00', 30),
(141, 'Friday', '17:00:00', '17:30:00', 30),
(142, 'Friday', '17:30:00', '18:00:00', 30),
(143, 'Friday', '18:00:00', '18:30:00', 30),
(144, 'Friday', '18:30:00', '19:00:00', 30),
(145, 'Friday', '19:00:00', '19:30:00', 30),
(146, 'Friday', '19:30:00', '20:00:00', 30),
(147, 'Friday', '20:00:00', '20:30:00', 30),
(148, 'Friday', '20:30:00', '21:00:00', 30),
(149, 'Friday', '21:00:00', '21:30:00', 30),
(150, 'Friday', '21:30:00', '22:00:00', 30),
(151, 'Saturday', '07:00:00', '07:30:00', 30),
(152, 'Saturday', '07:30:00', '08:00:00', 30),
(153, 'Saturday', '08:00:00', '08:30:00', 30),
(154, 'Saturday', '08:30:00', '09:00:00', 30),
(155, 'Saturday', '09:00:00', '09:30:00', 30),
(156, 'Saturday', '09:30:00', '10:00:00', 30),
(157, 'Saturday', '10:00:00', '10:30:00', 30),
(158, 'Saturday', '10:30:00', '11:00:00', 30),
(159, 'Saturday', '11:00:00', '11:30:00', 30),
(160, 'Saturday', '11:30:00', '12:00:00', 30),
(161, 'Saturday', '12:00:00', '12:30:00', 30),
(162, 'Saturday', '12:30:00', '13:00:00', 30),
(163, 'Saturday', '13:00:00', '13:30:00', 30),
(164, 'Saturday', '13:30:00', '14:00:00', 30),
(165, 'Saturday', '14:00:00', '14:30:00', 30),
(166, 'Saturday', '14:30:00', '15:00:00', 30),
(167, 'Saturday', '15:00:00', '15:30:00', 30),
(168, 'Saturday', '15:30:00', '16:00:00', 30),
(169, 'Saturday', '16:00:00', '16:30:00', 30),
(170, 'Saturday', '16:30:00', '17:00:00', 30),
(171, 'Saturday', '17:00:00', '17:30:00', 30),
(172, 'Saturday', '17:30:00', '18:00:00', 30),
(173, 'Saturday', '18:00:00', '18:30:00', 30),
(174, 'Saturday', '18:30:00', '19:00:00', 30),
(175, 'Saturday', '19:00:00', '19:30:00', 30),
(176, 'Saturday', '19:30:00', '20:00:00', 30),
(177, 'Saturday', '20:00:00', '20:30:00', 30),
(178, 'Saturday', '20:30:00', '21:00:00', 30),
(179, 'Saturday', '21:00:00', '21:30:00', 30),
(180, 'Saturday', '21:30:00', '22:00:00', 30),
(181, 'Monday', '07:00:00', '07:45:00', 45),
(182, 'Monday', '08:00:00', '08:45:00', 45),
(183, 'Monday', '09:00:00', '09:45:00', 45),
(184, 'Monday', '10:00:00', '10:45:00', 45),
(185, 'Monday', '11:00:00', '11:45:00', 45),
(186, 'Monday', '12:00:00', '12:45:00', 45),
(187, 'Monday', '13:00:00', '13:45:00', 45),
(188, 'Monday', '14:00:00', '14:45:00', 45),
(189, 'Monday', '15:00:00', '15:45:00', 45),
(190, 'Monday', '16:00:00', '16:45:00', 45),
(191, 'Monday', '17:00:00', '17:45:00', 45),
(192, 'Monday', '18:00:00', '18:45:00', 45),
(193, 'Monday', '19:00:00', '19:45:00', 45),
(194, 'Monday', '20:00:00', '20:45:00', 45),
(195, 'Monday', '21:00:00', '21:45:00', 45),
(196, 'Tuesday', '07:00:00', '07:45:00', 45),
(197, 'Tuesday', '08:00:00', '08:45:00', 45),
(198, 'Tuesday', '09:00:00', '09:45:00', 45),
(199, 'Tuesday', '10:00:00', '10:45:00', 45),
(200, 'Tuesday', '11:00:00', '11:45:00', 45),
(201, 'Tuesday', '12:00:00', '12:45:00', 45),
(202, 'Tuesday', '13:00:00', '13:45:00', 45),
(203, 'Tuesday', '14:00:00', '14:45:00', 45),
(204, 'Tuesday', '15:00:00', '15:45:00', 45),
(205, 'Tuesday', '16:00:00', '16:45:00', 45),
(206, 'Tuesday', '17:00:00', '17:45:00', 45),
(207, 'Tuesday', '18:00:00', '18:45:00', 45),
(208, 'Tuesday', '19:00:00', '19:45:00', 45),
(209, 'Tuesday', '20:00:00', '20:45:00', 45),
(210, 'Tuesday', '21:00:00', '21:45:00', 45),
(211, 'Wednesday', '07:00:00', '07:45:00', 45),
(212, 'Wednesday', '08:00:00', '08:45:00', 45),
(213, 'Wednesday', '09:00:00', '09:45:00', 45),
(214, 'Wednesday', '10:00:00', '10:45:00', 45),
(215, 'Wednesday', '11:00:00', '11:45:00', 45),
(216, 'Wednesday', '12:00:00', '12:45:00', 45),
(217, 'Wednesday', '13:00:00', '13:45:00', 45),
(218, 'Wednesday', '14:00:00', '14:45:00', 45),
(219, 'Wednesday', '15:00:00', '15:45:00', 45),
(220, 'Wednesday', '16:00:00', '16:45:00', 45),
(221, 'Wednesday', '17:00:00', '17:45:00', 45),
(222, 'Wednesday', '18:00:00', '18:45:00', 45),
(223, 'Wednesday', '19:00:00', '19:45:00', 45),
(224, 'Wednesday', '20:00:00', '20:45:00', 45),
(225, 'Wednesday', '21:00:00', '21:45:00', 45),
(226, 'Thursday', '07:00:00', '07:45:00', 45),
(227, 'Thursday', '08:00:00', '08:45:00', 45),
(228, 'Thursday', '09:00:00', '09:45:00', 45),
(229, 'Thursday', '10:00:00', '10:45:00', 45),
(230, 'Thursday', '11:00:00', '11:45:00', 45),
(231, 'Thursday', '12:00:00', '12:45:00', 45),
(232, 'Thursday', '13:00:00', '13:45:00', 45),
(233, 'Thursday', '14:00:00', '14:45:00', 45),
(234, 'Thursday', '15:00:00', '15:45:00', 45),
(235, 'Thursday', '16:00:00', '16:45:00', 45),
(236, 'Thursday', '17:00:00', '17:45:00', 45),
(237, 'Thursday', '18:00:00', '18:45:00', 45),
(238, 'Thursday', '19:00:00', '19:45:00', 45),
(239, 'Thursday', '20:00:00', '20:45:00', 45),
(240, 'Thursday', '21:00:00', '21:45:00', 45),
(241, 'Friday', '07:00:00', '07:45:00', 45),
(242, 'Friday', '08:00:00', '08:45:00', 45),
(243, 'Friday', '09:00:00', '09:45:00', 45),
(244, 'Friday', '10:00:00', '10:45:00', 45),
(245, 'Friday', '11:00:00', '11:45:00', 45),
(246, 'Friday', '12:00:00', '12:45:00', 45),
(247, 'Friday', '13:00:00', '13:45:00', 45),
(248, 'Friday', '14:00:00', '14:45:00', 45),
(249, 'Friday', '15:00:00', '15:45:00', 45),
(250, 'Friday', '16:00:00', '16:45:00', 45),
(251, 'Friday', '17:00:00', '17:45:00', 45),
(252, 'Friday', '18:00:00', '18:45:00', 45),
(253, 'Friday', '19:00:00', '19:45:00', 45),
(254, 'Friday', '20:00:00', '20:45:00', 45),
(255, 'Friday', '21:00:00', '21:45:00', 45),
(256, 'Saturday', '07:00:00', '07:45:00', 45),
(257, 'Saturday', '08:00:00', '08:45:00', 45),
(258, 'Saturday', '09:00:00', '09:45:00', 45),
(259, 'Saturday', '10:00:00', '10:45:00', 45),
(260, 'Saturday', '11:00:00', '11:45:00', 45),
(261, 'Saturday', '12:00:00', '12:45:00', 45),
(262, 'Saturday', '13:00:00', '13:45:00', 45),
(263, 'Saturday', '14:00:00', '14:45:00', 45),
(264, 'Saturday', '15:00:00', '15:45:00', 45),
(265, 'Saturday', '16:00:00', '16:45:00', 45),
(266, 'Saturday', '17:00:00', '17:45:00', 45),
(267, 'Saturday', '18:00:00', '18:45:00', 45),
(268, 'Saturday', '19:00:00', '19:45:00', 45),
(269, 'Saturday', '20:00:00', '20:45:00', 45),
(270, 'Saturday', '21:00:00', '21:45:00', 45),
(271, 'Monday', '07:00:00', '08:00:00', 60),
(272, 'Monday', '08:00:00', '09:00:00', 60),
(273, 'Monday', '09:00:00', '10:00:00', 60),
(274, 'Monday', '10:00:00', '11:00:00', 60),
(275, 'Monday', '11:00:00', '12:00:00', 60),
(276, 'Monday', '12:00:00', '13:00:00', 60),
(277, 'Monday', '13:00:00', '14:00:00', 60),
(278, 'Monday', '14:00:00', '15:00:00', 60),
(279, 'Monday', '15:00:00', '16:00:00', 60),
(280, 'Monday', '16:00:00', '17:00:00', 60),
(281, 'Monday', '17:00:00', '18:00:00', 60),
(282, 'Monday', '18:00:00', '19:00:00', 60),
(283, 'Monday', '19:00:00', '20:00:00', 60),
(284, 'Monday', '20:00:00', '21:00:00', 60),
(285, 'Monday', '21:00:00', '22:00:00', 60),
(286, 'Tuesday', '07:00:00', '08:00:00', 60),
(287, 'Tuesday', '08:00:00', '09:00:00', 60),
(288, 'Tuesday', '09:00:00', '10:00:00', 60),
(289, 'Tuesday', '10:00:00', '11:00:00', 60),
(290, 'Tuesday', '11:00:00', '12:00:00', 60),
(291, 'Tuesday', '12:00:00', '13:00:00', 60),
(292, 'Tuesday', '13:00:00', '14:00:00', 60),
(293, 'Tuesday', '14:00:00', '15:00:00', 60),
(294, 'Tuesday', '15:00:00', '16:00:00', 60),
(295, 'Tuesday', '16:00:00', '17:00:00', 60),
(296, 'Tuesday', '17:00:00', '18:00:00', 60),
(297, 'Tuesday', '18:00:00', '19:00:00', 60),
(298, 'Tuesday', '19:00:00', '20:00:00', 60),
(299, 'Tuesday', '20:00:00', '21:00:00', 60),
(300, 'Tuesday', '21:00:00', '22:00:00', 60),
(301, 'Wednesday', '07:00:00', '08:00:00', 60),
(302, 'Wednesday', '08:00:00', '09:00:00', 60),
(303, 'Wednesday', '09:00:00', '10:00:00', 60),
(304, 'Wednesday', '10:00:00', '11:00:00', 60),
(305, 'Wednesday', '11:00:00', '12:00:00', 60),
(306, 'Wednesday', '12:00:00', '13:00:00', 60),
(307, 'Wednesday', '13:00:00', '14:00:00', 60),
(308, 'Wednesday', '14:00:00', '15:00:00', 60),
(309, 'Wednesday', '15:00:00', '16:00:00', 60),
(310, 'Wednesday', '16:00:00', '17:00:00', 60),
(311, 'Wednesday', '17:00:00', '18:00:00', 60),
(312, 'Wednesday', '18:00:00', '19:00:00', 60),
(313, 'Wednesday', '19:00:00', '20:00:00', 60),
(314, 'Wednesday', '20:00:00', '21:00:00', 60),
(315, 'Wednesday', '21:00:00', '22:00:00', 60),
(316, 'Thursday', '07:00:00', '08:00:00', 60),
(317, 'Thursday', '08:00:00', '09:00:00', 60),
(318, 'Thursday', '09:00:00', '10:00:00', 60),
(319, 'Thursday', '10:00:00', '11:00:00', 60),
(320, 'Thursday', '11:00:00', '12:00:00', 60),
(321, 'Thursday', '12:00:00', '13:00:00', 60),
(322, 'Thursday', '13:00:00', '14:00:00', 60),
(323, 'Thursday', '14:00:00', '15:00:00', 60),
(324, 'Thursday', '15:00:00', '16:00:00', 60),
(325, 'Thursday', '16:00:00', '17:00:00', 60),
(326, 'Thursday', '17:00:00', '18:00:00', 60),
(327, 'Thursday', '18:00:00', '19:00:00', 60),
(328, 'Thursday', '19:00:00', '20:00:00', 60),
(329, 'Thursday', '20:00:00', '21:00:00', 60),
(330, 'Thursday', '21:00:00', '22:00:00', 60),
(331, 'Friday', '07:00:00', '08:00:00', 60),
(332, 'Friday', '08:00:00', '09:00:00', 60),
(333, 'Friday', '09:00:00', '10:00:00', 60),
(334, 'Friday', '10:00:00', '11:00:00', 60),
(335, 'Friday', '11:00:00', '12:00:00', 60),
(336, 'Friday', '12:00:00', '13:00:00', 60),
(337, 'Friday', '13:00:00', '14:00:00', 60),
(338, 'Friday', '14:00:00', '15:00:00', 60),
(339, 'Friday', '15:00:00', '16:00:00', 60),
(340, 'Friday', '16:00:00', '17:00:00', 60),
(341, 'Friday', '17:00:00', '18:00:00', 60),
(342, 'Friday', '18:00:00', '19:00:00', 60),
(343, 'Friday', '19:00:00', '20:00:00', 60),
(344, 'Friday', '20:00:00', '21:00:00', 60),
(345, 'Friday', '21:00:00', '22:00:00', 60),
(346, 'Saturday', '07:00:00', '08:00:00', 60),
(347, 'Saturday', '08:00:00', '09:00:00', 60),
(348, 'Saturday', '09:00:00', '10:00:00', 60),
(349, 'Saturday', '10:00:00', '11:00:00', 60),
(350, 'Saturday', '11:00:00', '12:00:00', 60),
(351, 'Saturday', '12:00:00', '13:00:00', 60),
(352, 'Saturday', '13:00:00', '14:00:00', 60),
(353, 'Saturday', '14:00:00', '15:00:00', 60),
(354, 'Saturday', '15:00:00', '16:00:00', 60),
(355, 'Saturday', '16:00:00', '17:00:00', 60),
(356, 'Saturday', '17:00:00', '18:00:00', 60),
(357, 'Saturday', '18:00:00', '19:00:00', 60),
(358, 'Saturday', '19:00:00', '20:00:00', 60),
(359, 'Saturday', '20:00:00', '21:00:00', 60),
(360, 'Saturday', '21:00:00', '22:00:00', 60),
(361, 'Monday', '07:00:00', '08:30:00', 90),
(362, 'Monday', '08:30:00', '10:00:00', 90),
(363, 'Monday', '10:00:00', '11:30:00', 90),
(364, 'Monday', '11:30:00', '13:00:00', 90),
(365, 'Monday', '13:00:00', '14:30:00', 90),
(366, 'Monday', '14:30:00', '16:00:00', 90),
(367, 'Monday', '16:00:00', '17:30:00', 90),
(368, 'Monday', '17:30:00', '19:00:00', 90),
(369, 'Monday', '19:00:00', '20:30:00', 90),
(370, 'Monday', '20:30:00', '22:00:00', 90),
(371, 'Tuesday', '07:00:00', '08:30:00', 90),
(372, 'Tuesday', '08:30:00', '10:00:00', 90),
(373, 'Tuesday', '10:00:00', '11:30:00', 90),
(374, 'Tuesday', '11:30:00', '13:00:00', 90),
(375, 'Tuesday', '13:00:00', '14:30:00', 90),
(376, 'Tuesday', '14:30:00', '16:00:00', 90),
(377, 'Tuesday', '16:00:00', '17:30:00', 90),
(378, 'Tuesday', '17:30:00', '19:00:00', 90),
(379, 'Tuesday', '19:00:00', '20:30:00', 90),
(380, 'Tuesday', '20:30:00', '22:00:00', 90),
(381, 'Wednesday', '07:00:00', '08:30:00', 90),
(382, 'Wednesday', '08:30:00', '10:00:00', 90),
(383, 'Wednesday', '10:00:00', '11:30:00', 90),
(384, 'Wednesday', '11:30:00', '13:00:00', 90),
(385, 'Wednesday', '13:00:00', '14:30:00', 90),
(386, 'Wednesday', '14:30:00', '16:00:00', 90),
(387, 'Wednesday', '16:00:00', '17:30:00', 90),
(388, 'Wednesday', '17:30:00', '19:00:00', 90),
(389, 'Wednesday', '19:00:00', '20:30:00', 90),
(390, 'Wednesday', '20:30:00', '22:00:00', 90),
(391, 'Thursday', '07:00:00', '08:30:00', 90),
(392, 'Thursday', '08:30:00', '10:00:00', 90),
(393, 'Thursday', '10:00:00', '11:30:00', 90),
(394, 'Thursday', '11:30:00', '13:00:00', 90),
(395, 'Thursday', '13:00:00', '14:30:00', 90),
(396, 'Thursday', '14:30:00', '16:00:00', 90),
(397, 'Thursday', '16:00:00', '17:30:00', 90),
(398, 'Thursday', '17:30:00', '19:00:00', 90),
(399, 'Thursday', '19:00:00', '20:30:00', 90),
(400, 'Thursday', '20:30:00', '22:00:00', 90),
(401, 'Friday', '07:00:00', '08:30:00', 90),
(402, 'Friday', '08:30:00', '10:00:00', 90),
(403, 'Friday', '10:00:00', '11:30:00', 90),
(404, 'Friday', '11:30:00', '13:00:00', 90),
(405, 'Friday', '13:00:00', '14:30:00', 90),
(406, 'Friday', '14:30:00', '16:00:00', 90),
(407, 'Friday', '16:00:00', '17:30:00', 90),
(408, 'Friday', '17:30:00', '19:00:00', 90),
(409, 'Friday', '19:00:00', '20:30:00', 90),
(410, 'Friday', '20:30:00', '22:00:00', 90),
(411, 'Saturday', '07:00:00', '08:30:00', 90),
(412, 'Saturday', '08:30:00', '10:00:00', 90),
(413, 'Saturday', '10:00:00', '11:30:00', 90),
(414, 'Saturday', '11:30:00', '13:00:00', 90),
(415, 'Saturday', '13:00:00', '14:30:00', 90),
(416, 'Saturday', '14:30:00', '16:00:00', 90),
(417, 'Saturday', '16:00:00', '17:30:00', 90),
(418, 'Saturday', '17:30:00', '19:00:00', 90),
(419, 'Saturday', '19:00:00', '20:30:00', 90),
(420, 'Saturday', '20:30:00', '22:00:00', 90),
(421, 'Monday', '07:00:00', '09:00:00', 120),
(422, 'Monday', '09:00:00', '11:00:00', 120),
(423, 'Monday', '11:00:00', '13:00:00', 120),
(424, 'Monday', '13:00:00', '15:00:00', 120),
(425, 'Monday', '15:00:00', '17:00:00', 120),
(426, 'Monday', '17:00:00', '19:00:00', 120),
(427, 'Monday', '19:00:00', '21:00:00', 120),
(428, 'Monday', '21:00:00', '23:00:00', 120),
(429, 'Tuesday', '07:00:00', '09:00:00', 120),
(430, 'Tuesday', '09:00:00', '11:00:00', 120),
(431, 'Tuesday', '11:00:00', '13:00:00', 120),
(432, 'Tuesday', '13:00:00', '15:00:00', 120),
(433, 'Tuesday', '15:00:00', '17:00:00', 120),
(434, 'Tuesday', '17:00:00', '19:00:00', 120),
(435, 'Tuesday', '19:00:00', '21:00:00', 120),
(436, 'Tuesday', '21:00:00', '23:00:00', 120),
(437, 'Wednesday', '07:00:00', '09:00:00', 120),
(438, 'Wednesday', '09:00:00', '11:00:00', 120),
(439, 'Wednesday', '11:00:00', '13:00:00', 120),
(440, 'Wednesday', '13:00:00', '15:00:00', 120),
(441, 'Wednesday', '15:00:00', '17:00:00', 120),
(442, 'Wednesday', '17:00:00', '19:00:00', 120),
(443, 'Wednesday', '19:00:00', '21:00:00', 120),
(444, 'Wednesday', '21:00:00', '23:00:00', 120),
(445, 'Thursday', '07:00:00', '09:00:00', 120),
(446, 'Thursday', '09:00:00', '11:00:00', 120),
(447, 'Thursday', '11:00:00', '13:00:00', 120),
(448, 'Thursday', '13:00:00', '15:00:00', 120),
(449, 'Thursday', '15:00:00', '17:00:00', 120),
(450, 'Thursday', '17:00:00', '19:00:00', 120),
(451, 'Thursday', '19:00:00', '21:00:00', 120),
(452, 'Thursday', '21:00:00', '23:00:00', 120),
(453, 'Friday', '07:00:00', '09:00:00', 120),
(454, 'Friday', '09:00:00', '11:00:00', 120),
(455, 'Friday', '11:00:00', '13:00:00', 120),
(456, 'Friday', '13:00:00', '15:00:00', 120),
(457, 'Friday', '15:00:00', '17:00:00', 120),
(458, 'Friday', '17:00:00', '19:00:00', 120),
(459, 'Friday', '19:00:00', '21:00:00', 120),
(460, 'Friday', '21:00:00', '23:00:00', 120),
(461, 'Saturday', '07:00:00', '09:00:00', 120),
(462, 'Saturday', '09:00:00', '11:00:00', 120),
(463, 'Saturday', '11:00:00', '13:00:00', 120),
(464, 'Saturday', '13:00:00', '15:00:00', 120),
(465, 'Saturday', '15:00:00', '17:00:00', 120),
(466, 'Saturday', '17:00:00', '19:00:00', 120),
(467, 'Saturday', '19:00:00', '21:00:00', 120),
(468, 'Saturday', '21:00:00', '23:00:00', 120),
(469, 'Monday', '07:00:00', '09:30:00', 150),
(470, 'Monday', '09:30:00', '12:00:00', 150),
(471, 'Monday', '12:00:00', '14:30:00', 150),
(472, 'Monday', '14:30:00', '17:00:00', 150),
(473, 'Monday', '17:00:00', '19:30:00', 150),
(474, 'Monday', '19:30:00', '22:00:00', 150),
(475, 'Monday', '22:00:00', '00:00:00', -1320),
(476, 'Tuesday', '07:00:00', '09:30:00', 150),
(477, 'Tuesday', '09:30:00', '12:00:00', 150),
(478, 'Tuesday', '12:00:00', '14:30:00', 150),
(479, 'Tuesday', '14:30:00', '17:00:00', 150),
(480, 'Tuesday', '17:00:00', '19:30:00', 150),
(481, 'Tuesday', '19:30:00', '22:00:00', 150),
(482, 'Tuesday', '22:00:00', '00:00:00', -1320),
(483, 'Wednesday', '07:00:00', '09:30:00', 150),
(484, 'Wednesday', '09:30:00', '12:00:00', 150),
(485, 'Wednesday', '12:00:00', '14:30:00', 150),
(486, 'Wednesday', '14:30:00', '17:00:00', 150),
(487, 'Wednesday', '17:00:00', '19:30:00', 150),
(488, 'Wednesday', '19:30:00', '22:00:00', 150),
(489, 'Wednesday', '22:00:00', '00:00:00', -1320),
(490, 'Thursday', '07:00:00', '09:30:00', 150),
(491, 'Thursday', '09:30:00', '12:00:00', 150),
(492, 'Thursday', '12:00:00', '14:30:00', 150),
(493, 'Thursday', '14:30:00', '17:00:00', 150),
(494, 'Thursday', '17:00:00', '19:30:00', 150),
(495, 'Thursday', '19:30:00', '22:00:00', 150),
(496, 'Thursday', '22:00:00', '00:00:00', -1320),
(497, 'Friday', '07:00:00', '09:30:00', 150),
(498, 'Friday', '09:30:00', '12:00:00', 150),
(499, 'Friday', '12:00:00', '14:30:00', 150),
(500, 'Friday', '14:30:00', '17:00:00', 150),
(501, 'Friday', '17:00:00', '19:30:00', 150),
(502, 'Friday', '19:30:00', '22:00:00', 150),
(503, 'Friday', '22:00:00', '00:00:00', -1320),
(504, 'Saturday', '07:00:00', '09:30:00', 150),
(505, 'Saturday', '09:30:00', '12:00:00', 150),
(506, 'Saturday', '12:00:00', '14:30:00', 150),
(507, 'Saturday', '14:30:00', '17:00:00', 150),
(508, 'Saturday', '17:00:00', '19:30:00', 150),
(509, 'Saturday', '19:30:00', '22:00:00', 150),
(510, 'Saturday', '22:00:00', '00:00:00', -1320),
(511, 'Monday', '07:00:00', '10:00:00', 180),
(512, 'Monday', '10:00:00', '13:00:00', 180),
(513, 'Monday', '13:00:00', '16:00:00', 180),
(514, 'Monday', '16:00:00', '19:00:00', 180),
(515, 'Monday', '19:00:00', '22:00:00', 180),
(516, 'Monday', '22:00:00', '01:00:00', -1260),
(517, 'Tuesday', '07:00:00', '10:00:00', 180),
(518, 'Tuesday', '10:00:00', '13:00:00', 180),
(519, 'Tuesday', '13:00:00', '16:00:00', 180),
(520, 'Tuesday', '16:00:00', '19:00:00', 180),
(521, 'Tuesday', '19:00:00', '22:00:00', 180),
(522, 'Tuesday', '22:00:00', '01:00:00', -1260),
(523, 'Wednesday', '07:00:00', '10:00:00', 180),
(524, 'Wednesday', '10:00:00', '13:00:00', 180),
(525, 'Wednesday', '13:00:00', '16:00:00', 180),
(526, 'Wednesday', '16:00:00', '19:00:00', 180),
(527, 'Wednesday', '19:00:00', '22:00:00', 180),
(528, 'Wednesday', '22:00:00', '01:00:00', -1260),
(529, 'Thursday', '07:00:00', '10:00:00', 180),
(530, 'Thursday', '10:00:00', '13:00:00', 180),
(531, 'Thursday', '13:00:00', '16:00:00', 180),
(532, 'Thursday', '16:00:00', '19:00:00', 180),
(533, 'Thursday', '19:00:00', '22:00:00', 180),
(534, 'Thursday', '22:00:00', '01:00:00', -1260),
(535, 'Friday', '07:00:00', '10:00:00', 180),
(536, 'Friday', '10:00:00', '13:00:00', 180),
(537, 'Friday', '13:00:00', '16:00:00', 180),
(538, 'Friday', '16:00:00', '19:00:00', 180),
(539, 'Friday', '19:00:00', '22:00:00', 180),
(540, 'Friday', '22:00:00', '01:00:00', -1260),
(541, 'Saturday', '07:00:00', '10:00:00', 180),
(542, 'Saturday', '10:00:00', '13:00:00', 180),
(543, 'Saturday', '13:00:00', '16:00:00', 180),
(544, 'Saturday', '16:00:00', '19:00:00', 180),
(545, 'Saturday', '19:00:00', '22:00:00', 180),
(546, 'Saturday', '22:00:00', '01:00:00', -1260),
(547, 'Monday', '07:00:00', '10:30:00', 210),
(548, 'Monday', '10:30:00', '14:00:00', 210),
(549, 'Monday', '14:00:00', '17:30:00', 210),
(550, 'Monday', '17:30:00', '21:00:00', 210),
(551, 'Monday', '21:00:00', '00:30:00', -1230),
(552, 'Tuesday', '07:00:00', '10:30:00', 210),
(553, 'Tuesday', '10:30:00', '14:00:00', 210),
(554, 'Tuesday', '14:00:00', '17:30:00', 210),
(555, 'Tuesday', '17:30:00', '21:00:00', 210),
(556, 'Tuesday', '21:00:00', '00:30:00', -1230),
(557, 'Wednesday', '07:00:00', '10:30:00', 210),
(558, 'Wednesday', '10:30:00', '14:00:00', 210),
(559, 'Wednesday', '14:00:00', '17:30:00', 210),
(560, 'Wednesday', '17:30:00', '21:00:00', 210),
(561, 'Wednesday', '21:00:00', '00:30:00', -1230),
(562, 'Thursday', '07:00:00', '10:30:00', 210),
(563, 'Thursday', '10:30:00', '14:00:00', 210),
(564, 'Thursday', '14:00:00', '17:30:00', 210),
(565, 'Thursday', '17:30:00', '21:00:00', 210),
(566, 'Thursday', '21:00:00', '00:30:00', -1230),
(567, 'Friday', '07:00:00', '10:30:00', 210),
(568, 'Friday', '10:30:00', '14:00:00', 210),
(569, 'Friday', '14:00:00', '17:30:00', 210),
(570, 'Friday', '17:30:00', '21:00:00', 210),
(571, 'Friday', '21:00:00', '00:30:00', -1230),
(572, 'Saturday', '07:00:00', '10:30:00', 210),
(573, 'Saturday', '10:30:00', '14:00:00', 210),
(574, 'Saturday', '14:00:00', '17:30:00', 210),
(575, 'Saturday', '17:30:00', '21:00:00', 210),
(576, 'Saturday', '21:00:00', '00:30:00', -1230),
(577, 'Monday', '07:00:00', '11:00:00', 240),
(578, 'Monday', '11:00:00', '15:00:00', 240),
(579, 'Monday', '15:00:00', '19:00:00', 240),
(580, 'Monday', '19:00:00', '23:00:00', 240),
(581, 'Tuesday', '07:00:00', '11:00:00', 240),
(582, 'Tuesday', '11:00:00', '15:00:00', 240),
(583, 'Tuesday', '15:00:00', '19:00:00', 240),
(584, 'Tuesday', '19:00:00', '23:00:00', 240),
(585, 'Wednesday', '07:00:00', '11:00:00', 240),
(586, 'Wednesday', '11:00:00', '15:00:00', 240),
(587, 'Wednesday', '15:00:00', '19:00:00', 240),
(588, 'Wednesday', '19:00:00', '23:00:00', 240),
(589, 'Thursday', '07:00:00', '11:00:00', 240),
(590, 'Thursday', '11:00:00', '15:00:00', 240),
(591, 'Thursday', '15:00:00', '19:00:00', 240),
(592, 'Thursday', '19:00:00', '23:00:00', 240),
(593, 'Friday', '07:00:00', '11:00:00', 240),
(594, 'Friday', '11:00:00', '15:00:00', 240),
(595, 'Friday', '15:00:00', '19:00:00', 240),
(596, 'Friday', '19:00:00', '23:00:00', 240),
(597, 'Saturday', '07:00:00', '11:00:00', 240),
(598, 'Saturday', '11:00:00', '15:00:00', 240),
(599, 'Saturday', '15:00:00', '19:00:00', 240),
(600, 'Saturday', '19:00:00', '23:00:00', 240),
(601, 'Monday', '07:00:00', '11:30:00', 270),
(602, 'Monday', '11:30:00', '16:00:00', 270),
(603, 'Monday', '16:00:00', '20:30:00', 270),
(604, 'Tuesday', '07:00:00', '11:30:00', 270),
(605, 'Tuesday', '11:30:00', '16:00:00', 270),
(606, 'Tuesday', '16:00:00', '20:30:00', 270),
(607, 'Wednesday', '07:00:00', '11:30:00', 270),
(608, 'Wednesday', '11:30:00', '16:00:00', 270),
(609, 'Wednesday', '16:00:00', '20:30:00', 270),
(610, 'Thursday', '07:00:00', '11:30:00', 270),
(611, 'Thursday', '11:30:00', '16:00:00', 270),
(612, 'Thursday', '16:00:00', '20:30:00', 270),
(613, 'Friday', '07:00:00', '11:30:00', 270),
(614, 'Friday', '11:30:00', '16:00:00', 270),
(615, 'Friday', '16:00:00', '20:30:00', 270),
(616, 'Saturday', '07:00:00', '11:30:00', 270),
(617, 'Saturday', '11:30:00', '16:00:00', 270),
(618, 'Saturday', '16:00:00', '20:30:00', 270),
(619, 'Monday', '07:00:00', '12:00:00', 300),
(620, 'Monday', '12:00:00', '17:00:00', 300),
(621, 'Monday', '17:00:00', '22:00:00', 300),
(622, 'Tuesday', '07:00:00', '12:00:00', 300),
(623, 'Tuesday', '12:00:00', '17:00:00', 300),
(624, 'Tuesday', '17:00:00', '22:00:00', 300),
(625, 'Wednesday', '07:00:00', '12:00:00', 300),
(626, 'Wednesday', '12:00:00', '17:00:00', 300),
(627, 'Wednesday', '17:00:00', '22:00:00', 300),
(628, 'Thursday', '07:00:00', '12:00:00', 300),
(629, 'Thursday', '12:00:00', '17:00:00', 300),
(630, 'Thursday', '17:00:00', '22:00:00', 300),
(631, 'Friday', '07:00:00', '12:00:00', 300),
(632, 'Friday', '12:00:00', '17:00:00', 300),
(633, 'Friday', '17:00:00', '22:00:00', 300),
(634, 'Saturday', '07:00:00', '12:00:00', 300),
(635, 'Saturday', '12:00:00', '17:00:00', 300),
(636, 'Saturday', '17:00:00', '22:00:00', 300);

--
-- Constraints for dumped tables
--

--
-- Constraints for table `student`
--
ALTER TABLE `student`
  ADD CONSTRAINT `fk_student_section` FOREIGN KEY (`section_id`) REFERENCES `sections` (`section_id`) ON DELETE SET NULL;

--
-- Constraints for table `teacher_availability`
--
ALTER TABLE `teacher_availability`
  ADD CONSTRAINT `fk_teacher_id` FOREIGN KEY (`teacher_id`) REFERENCES `teachers` (`id`) ON DELETE CASCADE;
COMMIT;

/*!40101 SET CHARACTER_SET_CLIENT=@OLD_CHARACTER_SET_CLIENT */;
/*!40101 SET CHARACTER_SET_RESULTS=@OLD_CHARACTER_SET_RESULTS */;
/*!40101 SET COLLATION_CONNECTION=@OLD_COLLATION_CONNECTION */;
